Scenario_ID,Variant_ID,Browser,Device,Input_Validity,Network_Speed,Results_Count,Search_Query,User_Type
TS-013,V00001,Chrome,Desktop,Valid,High,Many_Results,Single_Keyword,Visitor
TS-013,V00002,Chrome,Desktop,Valid,Medium,Many_Results,Single_Keyword,Visitor
TS-013,V00003,Chrome,Desktop,Valid,Low,Many_Results,Single_Keyword,Visitor
TS-013,V00004,Chrome,Mobile,Valid,High,Many_Results,Single_Keyword,Visitor
TS-013,V00005,Chrome,Mobile,Valid,Medium,Many_Results,Single_Keyword,Visitor
TS-013,V00006,Chrome,Mobile,Valid,Low,Many_Results,Single_Keyword,Visitor
TS-013,V00007,Chrome,Tablet,Valid,High,Many_Results,Single_Keyword,Visitor
TS-013,V00008,Chrome,Tablet,Valid,Medium,Many_Results,Single_Keyword,Visitor
TS-013,V00009,Chrome,Tablet,Valid,Low,Many_Results,Single_Keyword,Visitor
TS-013,V00010,Firefox,Desktop,Valid,High,Many_Results,Single_Keyword,Visitor
TS-013,V00011,Firefox,Desktop,Valid,Medium,Many_Results,Single_Keyword,Visitor
TS-013,V00012,Firefox,Desktop,Valid,Low,Many_Results,Single_Keyword,Visitor
TS-013,V00013,Firefox,Mobile,Valid,High,Many_Results,Single_Keyword,Visitor
TS-013,V00014,Firefox,Mobile,Valid,Medium,Many_Results,Single_Keyword,Visitor
TS-013,V00015,Firefox,Mobile,Valid,Low,Many_Results,Single_Keyword,Visitor
TS-013,V00016,Firefox,Tablet,Valid,High,Many_Results,Single_Keyword,Visitor
TS-013,V00017,Firefox,Tablet,Valid,Medium,Many_Results,Single_Keyword,Visitor
TS-013,V00018,Firefox,Tablet,Valid,Low,Many_Results,Single_Keyword,Visitor
TS-013,V00019,Safari,Desktop,Valid,High,Many_Results,Single_Keyword,Visitor
TS-013,V00020,Safari,Desktop,Valid,Medium,Many_Results,Single_Keyword,Visitor
TS-013,V00021,Safari,Desktop,Valid,Low,Many_Results,Single_Keyword,Visitor
TS-013,V00022,Safari,Mobile,Valid,High,Many_Results,Single_Keyword,Visitor
TS-013,V00023,Safari,Mobile,Valid,Medium,Many_Results,Single_Keyword,Visitor
TS-013,V00024,Safari,Mobile,Valid,Low,Many_Results,Single_Keyword,Visitor
TS-013,V00025,Safari,Tablet,Valid,High,Many_Results,Single_Keyword,Visitor
TS-013,V00026,Safari,Tablet,Valid,Medium,Many_Results,Single_Keyword,Visitor
TS-013,V00027,Safari,Tablet,Valid,Low,Many_Results,Single_Keyword,Visitor
TS-013,V00028,Edge,Desktop,Valid,High,Many_Results,Single_Keyword,Visitor
TS-013,V00029,Edge,Desktop,Valid,Medium,Many_Results,Single_Keyword,Visitor
TS-013,V00030,Edge,Desktop,Valid,Low,Many_Results,Single_Keyword,Visitor
TS-013,V00031,Edge,Mobile,Valid,High,Many_Results,Single_Keyword,Visitor
TS-013,V00032,Edge,Mobile,Valid,Medium,Many_Results,Single_Keyword,Visitor
TS-013,V00033,Edge,Mobile,Valid,Low,Many_Results,Single_Keyword,Visitor
TS-013,V00034,Edge,Tablet,Valid,High,Many_Results,Single_Keyword,Visitor
TS-013,V00035,Edge,Tablet,Valid,Medium,Many_Results,Single_Keyword,Visitor
TS-013,V00036,Edge,Tablet,Valid,Low,Many_Results,Single_Keyword,Visitor
TS-013,V00037,Chrome,Desktop,Valid,High,Few_Results,Single_Keyword,Visitor
TS-013,V00038,Chrome,Desktop,Valid,Medium,Few_Results,Single_Keyword,Visitor
TS-013,V00039,Chrome,Desktop,Valid,Low,Few_Results,Single_Keyword,Visitor
TS-013,V00040,Chrome,Mobile,Valid,High,Few_Results,Single_Keyword,Visitor
TS-013,V00041,Chrome,Mobile,Valid,Medium,Few_Results,Single_Keyword,Visitor
TS-013,V00042,Chrome,Mobile,Valid,Low,Few_Results,Single_Keyword,Visitor
TS-013,V00043,Chrome,Tablet,Valid,High,Few_Results,Single_Keyword,Visitor
TS-013,V00044,Chrome,Tablet,Valid,Medium,Few_Results,Single_Keyword,Visitor
TS-013,V00045,Chrome,Tablet,Valid,Low,Few_Results,Single_Keyword,Visitor
TS-013,V00046,Firefox,Desktop,Valid,High,Few_Results,Single_Keyword,Visitor
TS-013,V00047,Firefox,Desktop,Valid,Medium,Few_Results,Single_Keyword,Visitor
TS-013,V00048,Firefox,Desktop,Valid,Low,Few_Results,Single_Keyword,Visitor
TS-013,V00049,Firefox,Mobile,Valid,High,Few_Results,Single_Keyword,Visitor
TS-013,V00050,Firefox,Mobile,Valid,Medium,Few_Results,Single_Keyword,Visitor
TS-013,V00051,Firefox,Mobile,Valid,Low,Few_Results,Single_Keyword,Visitor
TS-013,V00052,Firefox,Tablet,Valid,High,Few_Results,Single_Keyword,Visitor
TS-013,V00053,Firefox,Tablet,Valid,Medium,Few_Results,Single_Keyword,Visitor
TS-013,V00054,Firefox,Tablet,Valid,Low,Few_Results,Single_Keyword,Visitor
TS-013,V00055,Safari,Desktop,Valid,High,Few_Results,Single_Keyword,Visitor
TS-013,V00056,Safari,Desktop,Valid,Medium,Few_Results,Single_Keyword,Visitor
TS-013,V00057,Safari,Desktop,Valid,Low,Few_Results,Single_Keyword,Visitor
TS-013,V00058,Safari,Mobile,Valid,High,Few_Results,Single_Keyword,Visitor
TS-013,V00059,Safari,Mobile,Valid,Medium,Few_Results,Single_Keyword,Visitor
TS-013,V00060,Safari,Mobile,Valid,Low,Few_Results,Single_Keyword,Visitor
TS-013,V00061,Safari,Tablet,Valid,High,Few_Results,Single_Keyword,Visitor
TS-013,V00062,Safari,Tablet,Valid,Medium,Few_Results,Single_Keyword,Visitor
TS-013,V00063,Safari,Tablet,Valid,Low,Few_Results,Single_Keyword,Visitor
TS-013,V00064,Edge,Desktop,Valid,High,Few_Results,Single_Keyword,Visitor
TS-013,V00065,Edge,Desktop,Valid,Medium,Few_Results,Single_Keyword,Visitor
TS-013,V00066,Edge,Desktop,Valid,Low,Few_Results,Single_Keyword,Visitor
TS-013,V00067,Edge,Mobile,Valid,High,Few_Results,Single_Keyword,Visitor
TS-013,V00068,Edge,Mobile,Valid,Medium,Few_Results,Single_Keyword,Visitor
TS-013,V00069,Edge,Mobile,Valid,Low,Few_Results,Single_Keyword,Visitor
TS-013,V00070,Edge,Tablet,Valid,High,Few_Results,Single_Keyword,Visitor
TS-013,V00071,Edge,Tablet,Valid,Medium,Few_Results,Single_Keyword,Visitor
TS-013,V00072,Edge,Tablet,Valid,Low,Few_Results,Single_Keyword,Visitor
TS-013,V00073,Chrome,Desktop,Valid,High,One_Result,Single_Keyword,Visitor
TS-013,V00074,Chrome,Desktop,Valid,Medium,One_Result,Single_Keyword,Visitor
TS-013,V00075,Chrome,Desktop,Valid,Low,One_Result,Single_Keyword,Visitor
TS-013,V00076,Chrome,Mobile,Valid,High,One_Result,Single_Keyword,Visitor
TS-013,V00077,Chrome,Mobile,Valid,Medium,One_Result,Single_Keyword,Visitor
TS-013,V00078,Chrome,Mobile,Valid,Low,One_Result,Single_Keyword,Visitor
TS-013,V00079,Chrome,Tablet,Valid,High,One_Result,Single_Keyword,Visitor
TS-013,V00080,Chrome,Tablet,Valid,Medium,One_Result,Single_Keyword,Visitor
TS-013,V00081,Chrome,Tablet,Valid,Low,One_Result,Single_Keyword,Visitor
TS-013,V00082,Firefox,Desktop,Valid,High,One_Result,Single_Keyword,Visitor
TS-013,V00083,Firefox,Desktop,Valid,Medium,One_Result,Single_Keyword,Visitor
TS-013,V00084,Firefox,Desktop,Valid,Low,One_Result,Single_Keyword,Visitor
TS-013,V00085,Firefox,Mobile,Valid,High,One_Result,Single_Keyword,Visitor
TS-013,V00086,Firefox,Mobile,Valid,Medium,One_Result,Single_Keyword,Visitor
TS-013,V00087,Firefox,Mobile,Valid,Low,One_Result,Single_Keyword,Visitor
TS-013,V00088,Firefox,Tablet,Valid,High,One_Result,Single_Keyword,Visitor
TS-013,V00089,Firefox,Tablet,Valid,Medium,One_Result,Single_Keyword,Visitor
TS-013,V00090,Firefox,Tablet,Valid,Low,One_Result,Single_Keyword,Visitor
TS-013,V00091,Safari,Desktop,Valid,High,One_Result,Single_Keyword,Visitor
TS-013,V00092,Safari,Desktop,Valid,Medium,One_Result,Single_Keyword,Visitor
TS-013,V00093,Safari,Desktop,Valid,Low,One_Result,Single_Keyword,Visitor
TS-013,V00094,Safari,Mobile,Valid,High,One_Result,Single_Keyword,Visitor
TS-013,V00095,Safari,Mobile,Valid,Medium,One_Result,Single_Keyword,Visitor
TS-013,V00096,Safari,Mobile,Valid,Low,One_Result,Single_Keyword,Visitor
TS-013,V00097,Safari,Tablet,Valid,High,One_Result,Single_Keyword,Visitor
TS-013,V00098,Safari,Tablet,Valid,Medium,One_Result,Single_Keyword,Visitor
TS-013,V00099,Safari,Tablet,Valid,Low,One_Result,Single_Keyword,Visitor
TS-013,V00100,Edge,Desktop,Valid,High,One_Result,Single_Keyword,Visitor
TS-013,V00101,Edge,Desktop,Valid,Medium,One_Result,Single_Keyword,Visitor
TS-013,V00102,Edge,Desktop,Valid,Low,One_Result,Single_Keyword,Visitor
TS-013,V00103,Edge,Mobile,Valid,High,One_Result,Single_Keyword,Visitor
TS-013,V00104,Edge,Mobile,Valid,Medium,One_Result,Single_Keyword,Visitor
TS-013,V00105,Edge,Mobile,Valid,Low,One_Result,Single_Keyword,Visitor
TS-013,V00106,Edge,Tablet,Valid,High,One_Result,Single_Keyword,Visitor
TS-013,V00107,Edge,Tablet,Valid,Medium,One_Result,Single_Keyword,Visitor
TS-013,V00108,Edge,Tablet,Valid,Low,One_Result,Single_Keyword,Visitor
TS-013,V00109,Chrome,Desktop,Valid,High,Many_Results,Multiple_Keywords,Visitor
TS-013,V00110,Chrome,Desktop,Valid,Medium,Many_Results,Multiple_Keywords,Visitor
TS-013,V00111,Chrome,Desktop,Valid,Low,Many_Results,Multiple_Keywords,Visitor
TS-013,V00112,Chrome,Mobile,Valid,High,Many_Results,Multiple_Keywords,Visitor
TS-013,V00113,Chrome,Mobile,Valid,Medium,Many_Results,Multiple_Keywords,Visitor
TS-013,V00114,Chrome,Mobile,Valid,Low,Many_Results,Multiple_Keywords,Visitor
TS-013,V00115,Chrome,Tablet,Valid,High,Many_Results,Multiple_Keywords,Visitor
TS-013,V00116,Chrome,Tablet,Valid,Medium,Many_Results,Multiple_Keywords,Visitor
TS-013,V00117,Chrome,Tablet,Valid,Low,Many_Results,Multiple_Keywords,Visitor
TS-013,V00118,Firefox,Desktop,Valid,High,Many_Results,Multiple_Keywords,Visitor
TS-013,V00119,Firefox,Desktop,Valid,Medium,Many_Results,Multiple_Keywords,Visitor
TS-013,V00120,Firefox,Desktop,Valid,Low,Many_Results,Multiple_Keywords,Visitor
TS-013,V00121,Firefox,Mobile,Valid,High,Many_Results,Multiple_Keywords,Visitor
TS-013,V00122,Firefox,Mobile,Valid,Medium,Many_Results,Multiple_Keywords,Visitor
TS-013,V00123,Firefox,Mobile,Valid,Low,Many_Results,Multiple_Keywords,Visitor
TS-013,V00124,Firefox,Tablet,Valid,High,Many_Results,Multiple_Keywords,Visitor
TS-013,V00125,Firefox,Tablet,Valid,Medium,Many_Results,Multiple_Keywords,Visitor
TS-013,V00126,Firefox,Tablet,Valid,Low,Many_Results,Multiple_Keywords,Visitor
TS-013,V00127,Safari,Desktop,Valid,High,Many_Results,Multiple_Keywords,Visitor
TS-013,V00128,Safari,Desktop,Valid,Medium,Many_Results,Multiple_Keywords,Visitor
TS-013,V00129,Safari,Desktop,Valid,Low,Many_Results,Multiple_Keywords,Visitor
TS-013,V00130,Safari,Mobile,Valid,High,Many_Results,Multiple_Keywords,Visitor
TS-013,V00131,Safari,Mobile,Valid,Medium,Many_Results,Multiple_Keywords,Visitor
TS-013,V00132,Safari,Mobile,Valid,Low,Many_Results,Multiple_Keywords,Visitor
TS-013,V00133,Safari,Tablet,Valid,High,Many_Results,Multiple_Keywords,Visitor
TS-013,V00134,Safari,Tablet,Valid,Medium,Many_Results,Multiple_Keywords,Visitor
TS-013,V00135,Safari,Tablet,Valid,Low,Many_Results,Multiple_Keywords,Visitor
TS-013,V00136,Edge,Desktop,Valid,High,Many_Results,Multiple_Keywords,Visitor
TS-013,V00137,Edge,Desktop,Valid,Medium,Many_Results,Multiple_Keywords,Visitor
TS-013,V00138,Edge,Desktop,Valid,Low,Many_Results,Multiple_Keywords,Visitor
TS-013,V00139,Edge,Mobile,Valid,High,Many_Results,Multiple_Keywords,Visitor
TS-013,V00140,Edge,Mobile,Valid,Medium,Many_Results,Multiple_Keywords,Visitor
TS-013,V00141,Edge,Mobile,Valid,Low,Many_Results,Multiple_Keywords,Visitor
TS-013,V00142,Edge,Tablet,Valid,High,Many_Results,Multiple_Keywords,Visitor
TS-013,V00143,Edge,Tablet,Valid,Medium,Many_Results,Multiple_Keywords,Visitor
TS-013,V00144,Edge,Tablet,Valid,Low,Many_Results,Multiple_Keywords,Visitor
TS-013,V00145,Chrome,Desktop,Valid,High,Few_Results,Multiple_Keywords,Visitor
TS-013,V00146,Chrome,Desktop,Valid,Medium,Few_Results,Multiple_Keywords,Visitor
TS-013,V00147,Chrome,Desktop,Valid,Low,Few_Results,Multiple_Keywords,Visitor
TS-013,V00148,Chrome,Mobile,Valid,High,Few_Results,Multiple_Keywords,Visitor
TS-013,V00149,Chrome,Mobile,Valid,Medium,Few_Results,Multiple_Keywords,Visitor
TS-013,V00150,Chrome,Mobile,Valid,Low,Few_Results,Multiple_Keywords,Visitor
TS-013,V00151,Chrome,Tablet,Valid,High,Few_Results,Multiple_Keywords,Visitor
TS-013,V00152,Chrome,Tablet,Valid,Medium,Few_Results,Multiple_Keywords,Visitor
TS-013,V00153,Chrome,Tablet,Valid,Low,Few_Results,Multiple_Keywords,Visitor
TS-013,V00154,Firefox,Desktop,Valid,High,Few_Results,Multiple_Keywords,Visitor
TS-013,V00155,Firefox,Desktop,Valid,Medium,Few_Results,Multiple_Keywords,Visitor
TS-013,V00156,Firefox,Desktop,Valid,Low,Few_Results,Multiple_Keywords,Visitor
TS-013,V00157,Firefox,Mobile,Valid,High,Few_Results,Multiple_Keywords,Visitor
TS-013,V00158,Firefox,Mobile,Valid,Medium,Few_Results,Multiple_Keywords,Visitor
TS-013,V00159,Firefox,Mobile,Valid,Low,Few_Results,Multiple_Keywords,Visitor
TS-013,V00160,Firefox,Tablet,Valid,High,Few_Results,Multiple_Keywords,Visitor
TS-013,V00161,Firefox,Tablet,Valid,Medium,Few_Results,Multiple_Keywords,Visitor
TS-013,V00162,Firefox,Tablet,Valid,Low,Few_Results,Multiple_Keywords,Visitor
TS-013,V00163,Safari,Desktop,Valid,High,Few_Results,Multiple_Keywords,Visitor
TS-013,V00164,Safari,Desktop,Valid,Medium,Few_Results,Multiple_Keywords,Visitor
TS-013,V00165,Safari,Desktop,Valid,Low,Few_Results,Multiple_Keywords,Visitor
TS-013,V00166,Safari,Mobile,Valid,High,Few_Results,Multiple_Keywords,Visitor
TS-013,V00167,Safari,Mobile,Valid,Medium,Few_Results,Multiple_Keywords,Visitor
TS-013,V00168,Safari,Mobile,Valid,Low,Few_Results,Multiple_Keywords,Visitor
TS-013,V00169,Safari,Tablet,Valid,High,Few_Results,Multiple_Keywords,Visitor
TS-013,V00170,Safari,Tablet,Valid,Medium,Few_Results,Multiple_Keywords,Visitor
TS-013,V00171,Safari,Tablet,Valid,Low,Few_Results,Multiple_Keywords,Visitor
TS-013,V00172,Edge,Desktop,Valid,High,Few_Results,Multiple_Keywords,Visitor
TS-013,V00173,Edge,Desktop,Valid,Medium,Few_Results,Multiple_Keywords,Visitor
TS-013,V00174,Edge,Desktop,Valid,Low,Few_Results,Multiple_Keywords,Visitor
TS-013,V00175,Edge,Mobile,Valid,High,Few_Results,Multiple_Keywords,Visitor
TS-013,V00176,Edge,Mobile,Valid,Medium,Few_Results,Multiple_Keywords,Visitor
TS-013,V00177,Edge,Mobile,Valid,Low,Few_Results,Multiple_Keywords,Visitor
TS-013,V00178,Edge,Tablet,Valid,High,Few_Results,Multiple_Keywords,Visitor
TS-013,V00179,Edge,Tablet,Valid,Medium,Few_Results,Multiple_Keywords,Visitor
TS-013,V00180,Edge,Tablet,Valid,Low,Few_Results,Multiple_Keywords,Visitor
TS-013,V00181,Chrome,Desktop,Valid,High,One_Result,Multiple_Keywords,Visitor
TS-013,V00182,Chrome,Desktop,Valid,Medium,One_Result,Multiple_Keywords,Visitor
TS-013,V00183,Chrome,Desktop,Valid,Low,One_Result,Multiple_Keywords,Visitor
TS-013,V00184,Chrome,Mobile,Valid,High,One_Result,Multiple_Keywords,Visitor
TS-013,V00185,Chrome,Mobile,Valid,Medium,One_Result,Multiple_Keywords,Visitor
TS-013,V00186,Chrome,Mobile,Valid,Low,One_Result,Multiple_Keywords,Visitor
TS-013,V00187,Chrome,Tablet,Valid,High,One_Result,Multiple_Keywords,Visitor
TS-013,V00188,Chrome,Tablet,Valid,Medium,One_Result,Multiple_Keywords,Visitor
TS-013,V00189,Chrome,Tablet,Valid,Low,One_Result,Multiple_Keywords,Visitor
TS-013,V00190,Firefox,Desktop,Valid,High,One_Result,Multiple_Keywords,Visitor
TS-013,V00191,Firefox,Desktop,Valid,Medium,One_Result,Multiple_Keywords,Visitor
TS-013,V00192,Firefox,Desktop,Valid,Low,One_Result,Multiple_Keywords,Visitor
TS-013,V00193,Firefox,Mobile,Valid,High,One_Result,Multiple_Keywords,Visitor
TS-013,V00194,Firefox,Mobile,Valid,Medium,One_Result,Multiple_Keywords,Visitor
TS-013,V00195,Firefox,Mobile,Valid,Low,One_Result,Multiple_Keywords,Visitor
TS-013,V00196,Firefox,Tablet,Valid,High,One_Result,Multiple_Keywords,Visitor
TS-013,V00197,Firefox,Tablet,Valid,Medium,One_Result,Multiple_Keywords,Visitor
TS-013,V00198,Firefox,Tablet,Valid,Low,One_Result,Multiple_Keywords,Visitor
TS-013,V00199,Safari,Desktop,Valid,High,One_Result,Multiple_Keywords,Visitor
TS-013,V00200,Safari,Desktop,Valid,Medium,One_Result,Multiple_Keywords,Visitor
TS-013,V00201,Safari,Desktop,Valid,Low,One_Result,Multiple_Keywords,Visitor
TS-013,V00202,Safari,Mobile,Valid,High,One_Result,Multiple_Keywords,Visitor
TS-013,V00203,Safari,Mobile,Valid,Medium,One_Result,Multiple_Keywords,Visitor
TS-013,V00204,Safari,Mobile,Valid,Low,One_Result,Multiple_Keywords,Visitor
TS-013,V00205,Safari,Tablet,Valid,High,One_Result,Multiple_Keywords,Visitor
TS-013,V00206,Safari,Tablet,Valid,Medium,One_Result,Multiple_Keywords,Visitor
TS-013,V00207,Safari,Tablet,Valid,Low,One_Result,Multiple_Keywords,Visitor
TS-013,V00208,Edge,Desktop,Valid,High,One_Result,Multiple_Keywords,Visitor
TS-013,V00209,Edge,Desktop,Valid,Medium,One_Result,Multiple_Keywords,Visitor
TS-013,V00210,Edge,Desktop,Valid,Low,One_Result,Multiple_Keywords,Visitor
TS-013,V00211,Edge,Mobile,Valid,High,One_Result,Multiple_Keywords,Visitor
TS-013,V00212,Edge,Mobile,Valid,Medium,One_Result,Multiple_Keywords,Visitor
TS-013,V00213,Edge,Mobile,Valid,Low,One_Result,Multiple_Keywords,Visitor
TS-013,V00214,Edge,Tablet,Valid,High,One_Result,Multiple_Keywords,Visitor
TS-013,V00215,Edge,Tablet,Valid,Medium,One_Result,Multiple_Keywords,Visitor
TS-013,V00216,Edge,Tablet,Valid,Low,One_Result,Multiple_Keywords,Visitor
TS-013,V00217,Chrome,Desktop,Valid,High,Many_Results,Partial_Match,Visitor
TS-013,V00218,Chrome,Desktop,Valid,Medium,Many_Results,Partial_Match,Visitor
TS-013,V00219,Chrome,Desktop,Valid,Low,Many_Results,Partial_Match,Visitor
TS-013,V00220,Chrome,Mobile,Valid,High,Many_Results,Partial_Match,Visitor
TS-013,V00221,Chrome,Mobile,Valid,Medium,Many_Results,Partial_Match,Visitor
TS-013,V00222,Chrome,Mobile,Valid,Low,Many_Results,Partial_Match,Visitor
TS-013,V00223,Chrome,Tablet,Valid,High,Many_Results,Partial_Match,Visitor
TS-013,V00224,Chrome,Tablet,Valid,Medium,Many_Results,Partial_Match,Visitor
TS-013,V00225,Chrome,Tablet,Valid,Low,Many_Results,Partial_Match,Visitor
TS-013,V00226,Firefox,Desktop,Valid,High,Many_Results,Partial_Match,Visitor
TS-013,V00227,Firefox,Desktop,Valid,Medium,Many_Results,Partial_Match,Visitor
TS-013,V00228,Firefox,Desktop,Valid,Low,Many_Results,Partial_Match,Visitor
TS-013,V00229,Firefox,Mobile,Valid,High,Many_Results,Partial_Match,Visitor
TS-013,V00230,Firefox,Mobile,Valid,Medium,Many_Results,Partial_Match,Visitor
TS-013,V00231,Firefox,Mobile,Valid,Low,Many_Results,Partial_Match,Visitor
TS-013,V00232,Firefox,Tablet,Valid,High,Many_Results,Partial_Match,Visitor
TS-013,V00233,Firefox,Tablet,Valid,Medium,Many_Results,Partial_Match,Visitor
TS-013,V00234,Firefox,Tablet,Valid,Low,Many_Results,Partial_Match,Visitor
TS-013,V00235,Safari,Desktop,Valid,High,Many_Results,Partial_Match,Visitor
TS-013,V00236,Safari,Desktop,Valid,Medium,Many_Results,Partial_Match,Visitor
TS-013,V00237,Safari,Desktop,Valid,Low,Many_Results,Partial_Match,Visitor
TS-013,V00238,Safari,Mobile,Valid,High,Many_Results,Partial_Match,Visitor
TS-013,V00239,Safari,Mobile,Valid,Medium,Many_Results,Partial_Match,Visitor
TS-013,V00240,Safari,Mobile,Valid,Low,Many_Results,Partial_Match,Visitor
TS-013,V00241,Safari,Tablet,Valid,High,Many_Results,Partial_Match,Visitor
TS-013,V00242,Safari,Tablet,Valid,Medium,Many_Results,Partial_Match,Visitor
TS-013,V00243,Safari,Tablet,Valid,Low,Many_Results,Partial_Match,Visitor
TS-013,V00244,Edge,Desktop,Valid,High,Many_Results,Partial_Match,Visitor
TS-013,V00245,Edge,Desktop,Valid,Medium,Many_Results,Partial_Match,Visitor
TS-013,V00246,Edge,Desktop,Valid,Low,Many_Results,Partial_Match,Visitor
TS-013,V00247,Edge,Mobile,Valid,High,Many_Results,Partial_Match,Visitor
TS-013,V00248,Edge,Mobile,Valid,Medium,Many_Results,Partial_Match,Visitor
TS-013,V00249,Edge,Mobile,Valid,Low,Many_Results,Partial_Match,Visitor
TS-013,V00250,Edge,Tablet,Valid,High,Many_Results,Partial_Match,Visitor
TS-013,V00251,Edge,Tablet,Valid,Medium,Many_Results,Partial_Match,Visitor
TS-013,V00252,Edge,Tablet,Valid,Low,Many_Results,Partial_Match,Visitor
TS-013,V00253,Chrome,Desktop,Valid,High,Few_Results,Partial_Match,Visitor
TS-013,V00254,Chrome,Desktop,Valid,Medium,Few_Results,Partial_Match,Visitor
TS-013,V00255,Chrome,Desktop,Valid,Low,Few_Results,Partial_Match,Visitor
TS-013,V00256,Chrome,Mobile,Valid,High,Few_Results,Partial_Match,Visitor
TS-013,V00257,Chrome,Mobile,Valid,Medium,Few_Results,Partial_Match,Visitor
TS-013,V00258,Chrome,Mobile,Valid,Low,Few_Results,Partial_Match,Visitor
TS-013,V00259,Chrome,Tablet,Valid,High,Few_Results,Partial_Match,Visitor
TS-013,V00260,Chrome,Tablet,Valid,Medium,Few_Results,Partial_Match,Visitor
TS-013,V00261,Chrome,Tablet,Valid,Low,Few_Results,Partial_Match,Visitor
TS-013,V00262,Firefox,Desktop,Valid,High,Few_Results,Partial_Match,Visitor
TS-013,V00263,Firefox,Desktop,Valid,Medium,Few_Results,Partial_Match,Visitor
TS-013,V00264,Firefox,Desktop,Valid,Low,Few_Results,Partial_Match,Visitor
TS-013,V00265,Firefox,Mobile,Valid,High,Few_Results,Partial_Match,Visitor
TS-013,V00266,Firefox,Mobile,Valid,Medium,Few_Results,Partial_Match,Visitor
TS-013,V00267,Firefox,Mobile,Valid,Low,Few_Results,Partial_Match,Visitor
TS-013,V00268,Firefox,Tablet,Valid,High,Few_Results,Partial_Match,Visitor
TS-013,V00269,Firefox,Tablet,Valid,Medium,Few_Results,Partial_Match,Visitor
TS-013,V00270,Firefox,Tablet,Valid,Low,Few_Results,Partial_Match,Visitor
TS-013,V00271,Safari,Desktop,Valid,High,Few_Results,Partial_Match,Visitor
TS-013,V00272,Safari,Desktop,Valid,Medium,Few_Results,Partial_Match,Visitor
TS-013,V00273,Safari,Desktop,Valid,Low,Few_Results,Partial_Match,Visitor
TS-013,V00274,Safari,Mobile,Valid,High,Few_Results,Partial_Match,Visitor
TS-013,V00275,Safari,Mobile,Valid,Medium,Few_Results,Partial_Match,Visitor
TS-013,V00276,Safari,Mobile,Valid,Low,Few_Results,Partial_Match,Visitor
TS-013,V00277,Safari,Tablet,Valid,High,Few_Results,Partial_Match,Visitor
TS-013,V00278,Safari,Tablet,Valid,Medium,Few_Results,Partial_Match,Visitor
TS-013,V00279,Safari,Tablet,Valid,Low,Few_Results,Partial_Match,Visitor
TS-013,V00280,Edge,Desktop,Valid,High,Few_Results,Partial_Match,Visitor
TS-013,V00281,Edge,Desktop,Valid,Medium,Few_Results,Partial_Match,Visitor
TS-013,V00282,Edge,Desktop,Valid,Low,Few_Results,Partial_Match,Visitor
TS-013,V00283,Edge,Mobile,Valid,High,Few_Results,Partial_Match,Visitor
TS-013,V00284,Edge,Mobile,Valid,Medium,Few_Results,Partial_Match,Visitor
TS-013,V00285,Edge,Mobile,Valid,Low,Few_Results,Partial_Match,Visitor
TS-013,V00286,Edge,Tablet,Valid,High,Few_Results,Partial_Match,Visitor
TS-013,V00287,Edge,Tablet,Valid,Medium,Few_Results,Partial_Match,Visitor
TS-013,V00288,Edge,Tablet,Valid,Low,Few_Results,Partial_Match,Visitor
TS-013,V00289,Chrome,Desktop,Valid,High,One_Result,Partial_Match,Visitor
TS-013,V00290,Chrome,Desktop,Valid,Medium,One_Result,Partial_Match,Visitor
TS-013,V00291,Chrome,Desktop,Valid,Low,One_Result,Partial_Match,Visitor
TS-013,V00292,Chrome,Mobile,Valid,High,One_Result,Partial_Match,Visitor
TS-013,V00293,Chrome,Mobile,Valid,Medium,One_Result,Partial_Match,Visitor
TS-013,V00294,Chrome,Mobile,Valid,Low,One_Result,Partial_Match,Visitor
TS-013,V00295,Chrome,Tablet,Valid,High,One_Result,Partial_Match,Visitor
TS-013,V00296,Chrome,Tablet,Valid,Medium,One_Result,Partial_Match,Visitor
TS-013,V00297,Chrome,Tablet,Valid,Low,One_Result,Partial_Match,Visitor
TS-013,V00298,Firefox,Desktop,Valid,High,One_Result,Partial_Match,Visitor
TS-013,V00299,Firefox,Desktop,Valid,Medium,One_Result,Partial_Match,Visitor
TS-013,V00300,Firefox,Desktop,Valid,Low,One_Result,Partial_Match,Visitor
TS-013,V00301,Firefox,Mobile,Valid,High,One_Result,Partial_Match,Visitor
TS-013,V00302,Firefox,Mobile,Valid,Medium,One_Result,Partial_Match,Visitor
TS-013,V00303,Firefox,Mobile,Valid,Low,One_Result,Partial_Match,Visitor
TS-013,V00304,Firefox,Tablet,Valid,High,One_Result,Partial_Match,Visitor
TS-013,V00305,Firefox,Tablet,Valid,Medium,One_Result,Partial_Match,Visitor
TS-013,V00306,Firefox,Tablet,Valid,Low,One_Result,Partial_Match,Visitor
TS-013,V00307,Safari,Desktop,Valid,High,One_Result,Partial_Match,Visitor
TS-013,V00308,Safari,Desktop,Valid,Medium,One_Result,Partial_Match,Visitor
TS-013,V00309,Safari,Desktop,Valid,Low,One_Result,Partial_Match,Visitor
TS-013,V00310,Safari,Mobile,Valid,High,One_Result,Partial_Match,Visitor
TS-013,V00311,Safari,Mobile,Valid,Medium,One_Result,Partial_Match,Visitor
TS-013,V00312,Safari,Mobile,Valid,Low,One_Result,Partial_Match,Visitor
TS-013,V00313,Safari,Tablet,Valid,High,One_Result,Partial_Match,Visitor
TS-013,V00314,Safari,Tablet,Valid,Medium,One_Result,Partial_Match,Visitor
TS-013,V00315,Safari,Tablet,Valid,Low,One_Result,Partial_Match,Visitor
TS-013,V00316,Edge,Desktop,Valid,High,One_Result,Partial_Match,Visitor
TS-013,V00317,Edge,Desktop,Valid,Medium,One_Result,Partial_Match,Visitor
TS-013,V00318,Edge,Desktop,Valid,Low,One_Result,Partial_Match,Visitor
TS-013,V00319,Edge,Mobile,Valid,High,One_Result,Partial_Match,Visitor
TS-013,V00320,Edge,Mobile,Valid,Medium,One_Result,Partial_Match,Visitor
TS-013,V00321,Edge,Mobile,Valid,Low,One_Result,Partial_Match,Visitor
TS-013,V00322,Edge,Tablet,Valid,High,One_Result,Partial_Match,Visitor
TS-013,V00323,Edge,Tablet,Valid,Medium,One_Result,Partial_Match,Visitor
TS-013,V00324,Edge,Tablet,Valid,Low,One_Result,Partial_Match,Visitor
TS-013,V00325,Chrome,Desktop,Valid,High,Many_Results,Exact_Match,Visitor
TS-013,V00326,Chrome,Desktop,Valid,Medium,Many_Results,Exact_Match,Visitor
TS-013,V00327,Chrome,Desktop,Valid,Low,Many_Results,Exact_Match,Visitor
TS-013,V00328,Chrome,Mobile,Valid,High,Many_Results,Exact_Match,Visitor
TS-013,V00329,Chrome,Mobile,Valid,Medium,Many_Results,Exact_Match,Visitor
TS-013,V00330,Chrome,Mobile,Valid,Low,Many_Results,Exact_Match,Visitor
TS-013,V00331,Chrome,Tablet,Valid,High,Many_Results,Exact_Match,Visitor
TS-013,V00332,Chrome,Tablet,Valid,Medium,Many_Results,Exact_Match,Visitor
TS-013,V00333,Chrome,Tablet,Valid,Low,Many_Results,Exact_Match,Visitor
TS-013,V00334,Firefox,Desktop,Valid,High,Many_Results,Exact_Match,Visitor
TS-013,V00335,Firefox,Desktop,Valid,Medium,Many_Results,Exact_Match,Visitor
TS-013,V00336,Firefox,Desktop,Valid,Low,Many_Results,Exact_Match,Visitor
TS-013,V00337,Firefox,Mobile,Valid,High,Many_Results,Exact_Match,Visitor
TS-013,V00338,Firefox,Mobile,Valid,Medium,Many_Results,Exact_Match,Visitor
TS-013,V00339,Firefox,Mobile,Valid,Low,Many_Results,Exact_Match,Visitor
TS-013,V00340,Firefox,Tablet,Valid,High,Many_Results,Exact_Match,Visitor
TS-013,V00341,Firefox,Tablet,Valid,Medium,Many_Results,Exact_Match,Visitor
TS-013,V00342,Firefox,Tablet,Valid,Low,Many_Results,Exact_Match,Visitor
TS-013,V00343,Safari,Desktop,Valid,High,Many_Results,Exact_Match,Visitor
TS-013,V00344,Safari,Desktop,Valid,Medium,Many_Results,Exact_Match,Visitor
TS-013,V00345,Safari,Desktop,Valid,Low,Many_Results,Exact_Match,Visitor
TS-013,V00346,Safari,Mobile,Valid,High,Many_Results,Exact_Match,Visitor
TS-013,V00347,Safari,Mobile,Valid,Medium,Many_Results,Exact_Match,Visitor
TS-013,V00348,Safari,Mobile,Valid,Low,Many_Results,Exact_Match,Visitor
TS-013,V00349,Safari,Tablet,Valid,High,Many_Results,Exact_Match,Visitor
TS-013,V00350,Safari,Tablet,Valid,Medium,Many_Results,Exact_Match,Visitor
TS-013,V00351,Safari,Tablet,Valid,Low,Many_Results,Exact_Match,Visitor
TS-013,V00352,Edge,Desktop,Valid,High,Many_Results,Exact_Match,Visitor
TS-013,V00353,Edge,Desktop,Valid,Medium,Many_Results,Exact_Match,Visitor
TS-013,V00354,Edge,Desktop,Valid,Low,Many_Results,Exact_Match,Visitor
TS-013,V00355,Edge,Mobile,Valid,High,Many_Results,Exact_Match,Visitor
TS-013,V00356,Edge,Mobile,Valid,Medium,Many_Results,Exact_Match,Visitor
TS-013,V00357,Edge,Mobile,Valid,Low,Many_Results,Exact_Match,Visitor
TS-013,V00358,Edge,Tablet,Valid,High,Many_Results,Exact_Match,Visitor
TS-013,V00359,Edge,Tablet,Valid,Medium,Many_Results,Exact_Match,Visitor
TS-013,V00360,Edge,Tablet,Valid,Low,Many_Results,Exact_Match,Visitor
TS-013,V00361,Chrome,Desktop,Valid,High,Few_Results,Exact_Match,Visitor
TS-013,V00362,Chrome,Desktop,Valid,Medium,Few_Results,Exact_Match,Visitor
TS-013,V00363,Chrome,Desktop,Valid,Low,Few_Results,Exact_Match,Visitor
TS-013,V00364,Chrome,Mobile,Valid,High,Few_Results,Exact_Match,Visitor
TS-013,V00365,Chrome,Mobile,Valid,Medium,Few_Results,Exact_Match,Visitor
TS-013,V00366,Chrome,Mobile,Valid,Low,Few_Results,Exact_Match,Visitor
TS-013,V00367,Chrome,Tablet,Valid,High,Few_Results,Exact_Match,Visitor
TS-013,V00368,Chrome,Tablet,Valid,Medium,Few_Results,Exact_Match,Visitor
TS-013,V00369,Chrome,Tablet,Valid,Low,Few_Results,Exact_Match,Visitor
TS-013,V00370,Firefox,Desktop,Valid,High,Few_Results,Exact_Match,Visitor
TS-013,V00371,Firefox,Desktop,Valid,Medium,Few_Results,Exact_Match,Visitor
TS-013,V00372,Firefox,Desktop,Valid,Low,Few_Results,Exact_Match,Visitor
TS-013,V00373,Firefox,Mobile,Valid,High,Few_Results,Exact_Match,Visitor
TS-013,V00374,Firefox,Mobile,Valid,Medium,Few_Results,Exact_Match,Visitor
TS-013,V00375,Firefox,Mobile,Valid,Low,Few_Results,Exact_Match,Visitor
TS-013,V00376,Firefox,Tablet,Valid,High,Few_Results,Exact_Match,Visitor
TS-013,V00377,Firefox,Tablet,Valid,Medium,Few_Results,Exact_Match,Visitor
TS-013,V00378,Firefox,Tablet,Valid,Low,Few_Results,Exact_Match,Visitor
TS-013,V00379,Safari,Desktop,Valid,High,Few_Results,Exact_Match,Visitor
TS-013,V00380,Safari,Desktop,Valid,Medium,Few_Results,Exact_Match,Visitor
TS-013,V00381,Safari,Desktop,Valid,Low,Few_Results,Exact_Match,Visitor
TS-013,V00382,Safari,Mobile,Valid,High,Few_Results,Exact_Match,Visitor
TS-013,V00383,Safari,Mobile,Valid,Medium,Few_Results,Exact_Match,Visitor
TS-013,V00384,Safari,Mobile,Valid,Low,Few_Results,Exact_Match,Visitor
TS-013,V00385,Safari,Tablet,Valid,High,Few_Results,Exact_Match,Visitor
TS-013,V00386,Safari,Tablet,Valid,Medium,Few_Results,Exact_Match,Visitor
TS-013,V00387,Safari,Tablet,Valid,Low,Few_Results,Exact_Match,Visitor
TS-013,V00388,Edge,Desktop,Valid,High,Few_Results,Exact_Match,Visitor
TS-013,V00389,Edge,Desktop,Valid,Medium,Few_Results,Exact_Match,Visitor
TS-013,V00390,Edge,Desktop,Valid,Low,Few_Results,Exact_Match,Visitor
TS-013,V00391,Edge,Mobile,Valid,High,Few_Results,Exact_Match,Visitor
TS-013,V00392,Edge,Mobile,Valid,Medium,Few_Results,Exact_Match,Visitor
TS-013,V00393,Edge,Mobile,Valid,Low,Few_Results,Exact_Match,Visitor
TS-013,V00394,Edge,Tablet,Valid,High,Few_Results,Exact_Match,Visitor
TS-013,V00395,Edge,Tablet,Valid,Medium,Few_Results,Exact_Match,Visitor
TS-013,V00396,Edge,Tablet,Valid,Low,Few_Results,Exact_Match,Visitor
TS-013,V00397,Chrome,Desktop,Valid,High,One_Result,Exact_Match,Visitor
TS-013,V00398,Chrome,Desktop,Valid,Medium,One_Result,Exact_Match,Visitor
TS-013,V00399,Chrome,Desktop,Valid,Low,One_Result,Exact_Match,Visitor
TS-013,V00400,Chrome,Mobile,Valid,High,One_Result,Exact_Match,Visitor
TS-013,V00401,Chrome,Mobile,Valid,Medium,One_Result,Exact_Match,Visitor
TS-013,V00402,Chrome,Mobile,Valid,Low,One_Result,Exact_Match,Visitor
TS-013,V00403,Chrome,Tablet,Valid,High,One_Result,Exact_Match,Visitor
TS-013,V00404,Chrome,Tablet,Valid,Medium,One_Result,Exact_Match,Visitor
TS-013,V00405,Chrome,Tablet,Valid,Low,One_Result,Exact_Match,Visitor
TS-013,V00406,Firefox,Desktop,Valid,High,One_Result,Exact_Match,Visitor
TS-013,V00407,Firefox,Desktop,Valid,Medium,One_Result,Exact_Match,Visitor
TS-013,V00408,Firefox,Desktop,Valid,Low,One_Result,Exact_Match,Visitor
TS-013,V00409,Firefox,Mobile,Valid,High,One_Result,Exact_Match,Visitor
TS-013,V00410,Firefox,Mobile,Valid,Medium,One_Result,Exact_Match,Visitor
TS-013,V00411,Firefox,Mobile,Valid,Low,One_Result,Exact_Match,Visitor
TS-013,V00412,Firefox,Tablet,Valid,High,One_Result,Exact_Match,Visitor
TS-013,V00413,Firefox,Tablet,Valid,Medium,One_Result,Exact_Match,Visitor
TS-013,V00414,Firefox,Tablet,Valid,Low,One_Result,Exact_Match,Visitor
TS-013,V00415,Safari,Desktop,Valid,High,One_Result,Exact_Match,Visitor
TS-013,V00416,Safari,Desktop,Valid,Medium,One_Result,Exact_Match,Visitor
TS-013,V00417,Safari,Desktop,Valid,Low,One_Result,Exact_Match,Visitor
TS-013,V00418,Safari,Mobile,Valid,High,One_Result,Exact_Match,Visitor
TS-013,V00419,Safari,Mobile,Valid,Medium,One_Result,Exact_Match,Visitor
TS-013,V00420,Safari,Mobile,Valid,Low,One_Result,Exact_Match,Visitor
TS-013,V00421,Safari,Tablet,Valid,High,One_Result,Exact_Match,Visitor
TS-013,V00422,Safari,Tablet,Valid,Medium,One_Result,Exact_Match,Visitor
TS-013,V00423,Safari,Tablet,Valid,Low,One_Result,Exact_Match,Visitor
TS-013,V00424,Edge,Desktop,Valid,High,One_Result,Exact_Match,Visitor
TS-013,V00425,Edge,Desktop,Valid,Medium,One_Result,Exact_Match,Visitor
TS-013,V00426,Edge,Desktop,Valid,Low,One_Result,Exact_Match,Visitor
TS-013,V00427,Edge,Mobile,Valid,High,One_Result,Exact_Match,Visitor
TS-013,V00428,Edge,Mobile,Valid,Medium,One_Result,Exact_Match,Visitor
TS-013,V00429,Edge,Mobile,Valid,Low,One_Result,Exact_Match,Visitor
TS-013,V00430,Edge,Tablet,Valid,High,One_Result,Exact_Match,Visitor
TS-013,V00431,Edge,Tablet,Valid,Medium,One_Result,Exact_Match,Visitor
TS-013,V00432,Edge,Tablet,Valid,Low,One_Result,Exact_Match,Visitor
TS-013,V00433,Chrome,Desktop,Valid,High,Many_Results,Single_Keyword,Buyer
TS-013,V00434,Chrome,Desktop,Valid,Medium,Many_Results,Single_Keyword,Buyer
TS-013,V00435,Chrome,Desktop,Valid,Low,Many_Results,Single_Keyword,Buyer
TS-013,V00436,Chrome,Mobile,Valid,High,Many_Results,Single_Keyword,Buyer
TS-013,V00437,Chrome,Mobile,Valid,Medium,Many_Results,Single_Keyword,Buyer
TS-013,V00438,Chrome,Mobile,Valid,Low,Many_Results,Single_Keyword,Buyer
TS-013,V00439,Chrome,Tablet,Valid,High,Many_Results,Single_Keyword,Buyer
TS-013,V00440,Chrome,Tablet,Valid,Medium,Many_Results,Single_Keyword,Buyer
TS-013,V00441,Chrome,Tablet,Valid,Low,Many_Results,Single_Keyword,Buyer
TS-013,V00442,Firefox,Desktop,Valid,High,Many_Results,Single_Keyword,Buyer
TS-013,V00443,Firefox,Desktop,Valid,Medium,Many_Results,Single_Keyword,Buyer
TS-013,V00444,Firefox,Desktop,Valid,Low,Many_Results,Single_Keyword,Buyer
TS-013,V00445,Firefox,Mobile,Valid,High,Many_Results,Single_Keyword,Buyer
TS-013,V00446,Firefox,Mobile,Valid,Medium,Many_Results,Single_Keyword,Buyer
TS-013,V00447,Firefox,Mobile,Valid,Low,Many_Results,Single_Keyword,Buyer
TS-013,V00448,Firefox,Tablet,Valid,High,Many_Results,Single_Keyword,Buyer
TS-013,V00449,Firefox,Tablet,Valid,Medium,Many_Results,Single_Keyword,Buyer
TS-013,V00450,Firefox,Tablet,Valid,Low,Many_Results,Single_Keyword,Buyer
TS-013,V00451,Safari,Desktop,Valid,High,Many_Results,Single_Keyword,Buyer
TS-013,V00452,Safari,Desktop,Valid,Medium,Many_Results,Single_Keyword,Buyer
TS-013,V00453,Safari,Desktop,Valid,Low,Many_Results,Single_Keyword,Buyer
TS-013,V00454,Safari,Mobile,Valid,High,Many_Results,Single_Keyword,Buyer
TS-013,V00455,Safari,Mobile,Valid,Medium,Many_Results,Single_Keyword,Buyer
TS-013,V00456,Safari,Mobile,Valid,Low,Many_Results,Single_Keyword,Buyer
TS-013,V00457,Safari,Tablet,Valid,High,Many_Results,Single_Keyword,Buyer
TS-013,V00458,Safari,Tablet,Valid,Medium,Many_Results,Single_Keyword,Buyer
TS-013,V00459,Safari,Tablet,Valid,Low,Many_Results,Single_Keyword,Buyer
TS-013,V00460,Edge,Desktop,Valid,High,Many_Results,Single_Keyword,Buyer
TS-013,V00461,Edge,Desktop,Valid,Medium,Many_Results,Single_Keyword,Buyer
TS-013,V00462,Edge,Desktop,Valid,Low,Many_Results,Single_Keyword,Buyer
TS-013,V00463,Edge,Mobile,Valid,High,Many_Results,Single_Keyword,Buyer
TS-013,V00464,Edge,Mobile,Valid,Medium,Many_Results,Single_Keyword,Buyer
TS-013,V00465,Edge,Mobile,Valid,Low,Many_Results,Single_Keyword,Buyer
TS-013,V00466,Edge,Tablet,Valid,High,Many_Results,Single_Keyword,Buyer
TS-013,V00467,Edge,Tablet,Valid,Medium,Many_Results,Single_Keyword,Buyer
TS-013,V00468,Edge,Tablet,Valid,Low,Many_Results,Single_Keyword,Buyer
TS-013,V00469,Chrome,Desktop,Valid,High,Few_Results,Single_Keyword,Buyer
TS-013,V00470,Chrome,Desktop,Valid,Medium,Few_Results,Single_Keyword,Buyer
TS-013,V00471,Chrome,Desktop,Valid,Low,Few_Results,Single_Keyword,Buyer
TS-013,V00472,Chrome,Mobile,Valid,High,Few_Results,Single_Keyword,Buyer
TS-013,V00473,Chrome,Mobile,Valid,Medium,Few_Results,Single_Keyword,Buyer
TS-013,V00474,Chrome,Mobile,Valid,Low,Few_Results,Single_Keyword,Buyer
TS-013,V00475,Chrome,Tablet,Valid,High,Few_Results,Single_Keyword,Buyer
TS-013,V00476,Chrome,Tablet,Valid,Medium,Few_Results,Single_Keyword,Buyer
TS-013,V00477,Chrome,Tablet,Valid,Low,Few_Results,Single_Keyword,Buyer
TS-013,V00478,Firefox,Desktop,Valid,High,Few_Results,Single_Keyword,Buyer
TS-013,V00479,Firefox,Desktop,Valid,Medium,Few_Results,Single_Keyword,Buyer
TS-013,V00480,Firefox,Desktop,Valid,Low,Few_Results,Single_Keyword,Buyer
TS-013,V00481,Firefox,Mobile,Valid,High,Few_Results,Single_Keyword,Buyer
TS-013,V00482,Firefox,Mobile,Valid,Medium,Few_Results,Single_Keyword,Buyer
TS-013,V00483,Firefox,Mobile,Valid,Low,Few_Results,Single_Keyword,Buyer
TS-013,V00484,Firefox,Tablet,Valid,High,Few_Results,Single_Keyword,Buyer
TS-013,V00485,Firefox,Tablet,Valid,Medium,Few_Results,Single_Keyword,Buyer
TS-013,V00486,Firefox,Tablet,Valid,Low,Few_Results,Single_Keyword,Buyer
TS-013,V00487,Safari,Desktop,Valid,High,Few_Results,Single_Keyword,Buyer
TS-013,V00488,Safari,Desktop,Valid,Medium,Few_Results,Single_Keyword,Buyer
TS-013,V00489,Safari,Desktop,Valid,Low,Few_Results,Single_Keyword,Buyer
TS-013,V00490,Safari,Mobile,Valid,High,Few_Results,Single_Keyword,Buyer
TS-013,V00491,Safari,Mobile,Valid,Medium,Few_Results,Single_Keyword,Buyer
TS-013,V00492,Safari,Mobile,Valid,Low,Few_Results,Single_Keyword,Buyer
TS-013,V00493,Safari,Tablet,Valid,High,Few_Results,Single_Keyword,Buyer
TS-013,V00494,Safari,Tablet,Valid,Medium,Few_Results,Single_Keyword,Buyer
TS-013,V00495,Safari,Tablet,Valid,Low,Few_Results,Single_Keyword,Buyer
TS-013,V00496,Edge,Desktop,Valid,High,Few_Results,Single_Keyword,Buyer
TS-013,V00497,Edge,Desktop,Valid,Medium,Few_Results,Single_Keyword,Buyer
TS-013,V00498,Edge,Desktop,Valid,Low,Few_Results,Single_Keyword,Buyer
TS-013,V00499,Edge,Mobile,Valid,High,Few_Results,Single_Keyword,Buyer
TS-013,V00500,Edge,Mobile,Valid,Medium,Few_Results,Single_Keyword,Buyer
TS-013,V00501,Edge,Mobile,Valid,Low,Few_Results,Single_Keyword,Buyer
TS-013,V00502,Edge,Tablet,Valid,High,Few_Results,Single_Keyword,Buyer
TS-013,V00503,Edge,Tablet,Valid,Medium,Few_Results,Single_Keyword,Buyer
TS-013,V00504,Edge,Tablet,Valid,Low,Few_Results,Single_Keyword,Buyer
TS-013,V00505,Chrome,Desktop,Valid,High,One_Result,Single_Keyword,Buyer
TS-013,V00506,Chrome,Desktop,Valid,Medium,One_Result,Single_Keyword,Buyer
TS-013,V00507,Chrome,Desktop,Valid,Low,One_Result,Single_Keyword,Buyer
TS-013,V00508,Chrome,Mobile,Valid,High,One_Result,Single_Keyword,Buyer
TS-013,V00509,Chrome,Mobile,Valid,Medium,One_Result,Single_Keyword,Buyer
TS-013,V00510,Chrome,Mobile,Valid,Low,One_Result,Single_Keyword,Buyer
TS-013,V00511,Chrome,Tablet,Valid,High,One_Result,Single_Keyword,Buyer
TS-013,V00512,Chrome,Tablet,Valid,Medium,One_Result,Single_Keyword,Buyer
TS-013,V00513,Chrome,Tablet,Valid,Low,One_Result,Single_Keyword,Buyer
TS-013,V00514,Firefox,Desktop,Valid,High,One_Result,Single_Keyword,Buyer
TS-013,V00515,Firefox,Desktop,Valid,Medium,One_Result,Single_Keyword,Buyer
TS-013,V00516,Firefox,Desktop,Valid,Low,One_Result,Single_Keyword,Buyer
TS-013,V00517,Firefox,Mobile,Valid,High,One_Result,Single_Keyword,Buyer
TS-013,V00518,Firefox,Mobile,Valid,Medium,One_Result,Single_Keyword,Buyer
TS-013,V00519,Firefox,Mobile,Valid,Low,One_Result,Single_Keyword,Buyer
TS-013,V00520,Firefox,Tablet,Valid,High,One_Result,Single_Keyword,Buyer
TS-013,V00521,Firefox,Tablet,Valid,Medium,One_Result,Single_Keyword,Buyer
TS-013,V00522,Firefox,Tablet,Valid,Low,One_Result,Single_Keyword,Buyer
TS-013,V00523,Safari,Desktop,Valid,High,One_Result,Single_Keyword,Buyer
TS-013,V00524,Safari,Desktop,Valid,Medium,One_Result,Single_Keyword,Buyer
TS-013,V00525,Safari,Desktop,Valid,Low,One_Result,Single_Keyword,Buyer
TS-013,V00526,Safari,Mobile,Valid,High,One_Result,Single_Keyword,Buyer
TS-013,V00527,Safari,Mobile,Valid,Medium,One_Result,Single_Keyword,Buyer
TS-013,V00528,Safari,Mobile,Valid,Low,One_Result,Single_Keyword,Buyer
TS-013,V00529,Safari,Tablet,Valid,High,One_Result,Single_Keyword,Buyer
TS-013,V00530,Safari,Tablet,Valid,Medium,One_Result,Single_Keyword,Buyer
TS-013,V00531,Safari,Tablet,Valid,Low,One_Result,Single_Keyword,Buyer
TS-013,V00532,Edge,Desktop,Valid,High,One_Result,Single_Keyword,Buyer
TS-013,V00533,Edge,Desktop,Valid,Medium,One_Result,Single_Keyword,Buyer
TS-013,V00534,Edge,Desktop,Valid,Low,One_Result,Single_Keyword,Buyer
TS-013,V00535,Edge,Mobile,Valid,High,One_Result,Single_Keyword,Buyer
TS-013,V00536,Edge,Mobile,Valid,Medium,One_Result,Single_Keyword,Buyer
TS-013,V00537,Edge,Mobile,Valid,Low,One_Result,Single_Keyword,Buyer
TS-013,V00538,Edge,Tablet,Valid,High,One_Result,Single_Keyword,Buyer
TS-013,V00539,Edge,Tablet,Valid,Medium,One_Result,Single_Keyword,Buyer
TS-013,V00540,Edge,Tablet,Valid,Low,One_Result,Single_Keyword,Buyer
TS-013,V00541,Chrome,Desktop,Valid,High,Many_Results,Multiple_Keywords,Buyer
TS-013,V00542,Chrome,Desktop,Valid,Medium,Many_Results,Multiple_Keywords,Buyer
TS-013,V00543,Chrome,Desktop,Valid,Low,Many_Results,Multiple_Keywords,Buyer
TS-013,V00544,Chrome,Mobile,Valid,High,Many_Results,Multiple_Keywords,Buyer
TS-013,V00545,Chrome,Mobile,Valid,Medium,Many_Results,Multiple_Keywords,Buyer
TS-013,V00546,Chrome,Mobile,Valid,Low,Many_Results,Multiple_Keywords,Buyer
TS-013,V00547,Chrome,Tablet,Valid,High,Many_Results,Multiple_Keywords,Buyer
TS-013,V00548,Chrome,Tablet,Valid,Medium,Many_Results,Multiple_Keywords,Buyer
TS-013,V00549,Chrome,Tablet,Valid,Low,Many_Results,Multiple_Keywords,Buyer
TS-013,V00550,Firefox,Desktop,Valid,High,Many_Results,Multiple_Keywords,Buyer
TS-013,V00551,Firefox,Desktop,Valid,Medium,Many_Results,Multiple_Keywords,Buyer
TS-013,V00552,Firefox,Desktop,Valid,Low,Many_Results,Multiple_Keywords,Buyer
TS-013,V00553,Firefox,Mobile,Valid,High,Many_Results,Multiple_Keywords,Buyer
TS-013,V00554,Firefox,Mobile,Valid,Medium,Many_Results,Multiple_Keywords,Buyer
TS-013,V00555,Firefox,Mobile,Valid,Low,Many_Results,Multiple_Keywords,Buyer
TS-013,V00556,Firefox,Tablet,Valid,High,Many_Results,Multiple_Keywords,Buyer
TS-013,V00557,Firefox,Tablet,Valid,Medium,Many_Results,Multiple_Keywords,Buyer
TS-013,V00558,Firefox,Tablet,Valid,Low,Many_Results,Multiple_Keywords,Buyer
TS-013,V00559,Safari,Desktop,Valid,High,Many_Results,Multiple_Keywords,Buyer
TS-013,V00560,Safari,Desktop,Valid,Medium,Many_Results,Multiple_Keywords,Buyer
TS-013,V00561,Safari,Desktop,Valid,Low,Many_Results,Multiple_Keywords,Buyer
TS-013,V00562,Safari,Mobile,Valid,High,Many_Results,Multiple_Keywords,Buyer
TS-013,V00563,Safari,Mobile,Valid,Medium,Many_Results,Multiple_Keywords,Buyer
TS-013,V00564,Safari,Mobile,Valid,Low,Many_Results,Multiple_Keywords,Buyer
TS-013,V00565,Safari,Tablet,Valid,High,Many_Results,Multiple_Keywords,Buyer
TS-013,V00566,Safari,Tablet,Valid,Medium,Many_Results,Multiple_Keywords,Buyer
TS-013,V00567,Safari,Tablet,Valid,Low,Many_Results,Multiple_Keywords,Buyer
TS-013,V00568,Edge,Desktop,Valid,High,Many_Results,Multiple_Keywords,Buyer
TS-013,V00569,Edge,Desktop,Valid,Medium,Many_Results,Multiple_Keywords,Buyer
TS-013,V00570,Edge,Desktop,Valid,Low,Many_Results,Multiple_Keywords,Buyer
TS-013,V00571,Edge,Mobile,Valid,High,Many_Results,Multiple_Keywords,Buyer
TS-013,V00572,Edge,Mobile,Valid,Medium,Many_Results,Multiple_Keywords,Buyer
TS-013,V00573,Edge,Mobile,Valid,Low,Many_Results,Multiple_Keywords,Buyer
TS-013,V00574,Edge,Tablet,Valid,High,Many_Results,Multiple_Keywords,Buyer
TS-013,V00575,Edge,Tablet,Valid,Medium,Many_Results,Multiple_Keywords,Buyer
TS-013,V00576,Edge,Tablet,Valid,Low,Many_Results,Multiple_Keywords,Buyer
TS-013,V00577,Chrome,Desktop,Valid,High,Few_Results,Multiple_Keywords,Buyer
TS-013,V00578,Chrome,Desktop,Valid,Medium,Few_Results,Multiple_Keywords,Buyer
TS-013,V00579,Chrome,Desktop,Valid,Low,Few_Results,Multiple_Keywords,Buyer
TS-013,V00580,Chrome,Mobile,Valid,High,Few_Results,Multiple_Keywords,Buyer
TS-013,V00581,Chrome,Mobile,Valid,Medium,Few_Results,Multiple_Keywords,Buyer
TS-013,V00582,Chrome,Mobile,Valid,Low,Few_Results,Multiple_Keywords,Buyer
TS-013,V00583,Chrome,Tablet,Valid,High,Few_Results,Multiple_Keywords,Buyer
TS-013,V00584,Chrome,Tablet,Valid,Medium,Few_Results,Multiple_Keywords,Buyer
TS-013,V00585,Chrome,Tablet,Valid,Low,Few_Results,Multiple_Keywords,Buyer
TS-013,V00586,Firefox,Desktop,Valid,High,Few_Results,Multiple_Keywords,Buyer
TS-013,V00587,Firefox,Desktop,Valid,Medium,Few_Results,Multiple_Keywords,Buyer
TS-013,V00588,Firefox,Desktop,Valid,Low,Few_Results,Multiple_Keywords,Buyer
TS-013,V00589,Firefox,Mobile,Valid,High,Few_Results,Multiple_Keywords,Buyer
TS-013,V00590,Firefox,Mobile,Valid,Medium,Few_Results,Multiple_Keywords,Buyer
TS-013,V00591,Firefox,Mobile,Valid,Low,Few_Results,Multiple_Keywords,Buyer
TS-013,V00592,Firefox,Tablet,Valid,High,Few_Results,Multiple_Keywords,Buyer
TS-013,V00593,Firefox,Tablet,Valid,Medium,Few_Results,Multiple_Keywords,Buyer
TS-013,V00594,Firefox,Tablet,Valid,Low,Few_Results,Multiple_Keywords,Buyer
TS-013,V00595,Safari,Desktop,Valid,High,Few_Results,Multiple_Keywords,Buyer
TS-013,V00596,Safari,Desktop,Valid,Medium,Few_Results,Multiple_Keywords,Buyer
TS-013,V00597,Safari,Desktop,Valid,Low,Few_Results,Multiple_Keywords,Buyer
TS-013,V00598,Safari,Mobile,Valid,High,Few_Results,Multiple_Keywords,Buyer
TS-013,V00599,Safari,Mobile,Valid,Medium,Few_Results,Multiple_Keywords,Buyer
TS-013,V00600,Safari,Mobile,Valid,Low,Few_Results,Multiple_Keywords,Buyer
TS-013,V00601,Safari,Tablet,Valid,High,Few_Results,Multiple_Keywords,Buyer
TS-013,V00602,Safari,Tablet,Valid,Medium,Few_Results,Multiple_Keywords,Buyer
TS-013,V00603,Safari,Tablet,Valid,Low,Few_Results,Multiple_Keywords,Buyer
TS-013,V00604,Edge,Desktop,Valid,High,Few_Results,Multiple_Keywords,Buyer
TS-013,V00605,Edge,Desktop,Valid,Medium,Few_Results,Multiple_Keywords,Buyer
TS-013,V00606,Edge,Desktop,Valid,Low,Few_Results,Multiple_Keywords,Buyer
TS-013,V00607,Edge,Mobile,Valid,High,Few_Results,Multiple_Keywords,Buyer
TS-013,V00608,Edge,Mobile,Valid,Medium,Few_Results,Multiple_Keywords,Buyer
TS-013,V00609,Edge,Mobile,Valid,Low,Few_Results,Multiple_Keywords,Buyer
TS-013,V00610,Edge,Tablet,Valid,High,Few_Results,Multiple_Keywords,Buyer
TS-013,V00611,Edge,Tablet,Valid,Medium,Few_Results,Multiple_Keywords,Buyer
TS-013,V00612,Edge,Tablet,Valid,Low,Few_Results,Multiple_Keywords,Buyer
TS-013,V00613,Chrome,Desktop,Valid,High,One_Result,Multiple_Keywords,Buyer
TS-013,V00614,Chrome,Desktop,Valid,Medium,One_Result,Multiple_Keywords,Buyer
TS-013,V00615,Chrome,Desktop,Valid,Low,One_Result,Multiple_Keywords,Buyer
TS-013,V00616,Chrome,Mobile,Valid,High,One_Result,Multiple_Keywords,Buyer
TS-013,V00617,Chrome,Mobile,Valid,Medium,One_Result,Multiple_Keywords,Buyer
TS-013,V00618,Chrome,Mobile,Valid,Low,One_Result,Multiple_Keywords,Buyer
TS-013,V00619,Chrome,Tablet,Valid,High,One_Result,Multiple_Keywords,Buyer
TS-013,V00620,Chrome,Tablet,Valid,Medium,One_Result,Multiple_Keywords,Buyer
TS-013,V00621,Chrome,Tablet,Valid,Low,One_Result,Multiple_Keywords,Buyer
TS-013,V00622,Firefox,Desktop,Valid,High,One_Result,Multiple_Keywords,Buyer
TS-013,V00623,Firefox,Desktop,Valid,Medium,One_Result,Multiple_Keywords,Buyer
TS-013,V00624,Firefox,Desktop,Valid,Low,One_Result,Multiple_Keywords,Buyer
TS-013,V00625,Firefox,Mobile,Valid,High,One_Result,Multiple_Keywords,Buyer
TS-013,V00626,Firefox,Mobile,Valid,Medium,One_Result,Multiple_Keywords,Buyer
TS-013,V00627,Firefox,Mobile,Valid,Low,One_Result,Multiple_Keywords,Buyer
TS-013,V00628,Firefox,Tablet,Valid,High,One_Result,Multiple_Keywords,Buyer
TS-013,V00629,Firefox,Tablet,Valid,Medium,One_Result,Multiple_Keywords,Buyer
TS-013,V00630,Firefox,Tablet,Valid,Low,One_Result,Multiple_Keywords,Buyer
TS-013,V00631,Safari,Desktop,Valid,High,One_Result,Multiple_Keywords,Buyer
TS-013,V00632,Safari,Desktop,Valid,Medium,One_Result,Multiple_Keywords,Buyer
TS-013,V00633,Safari,Desktop,Valid,Low,One_Result,Multiple_Keywords,Buyer
TS-013,V00634,Safari,Mobile,Valid,High,One_Result,Multiple_Keywords,Buyer
TS-013,V00635,Safari,Mobile,Valid,Medium,One_Result,Multiple_Keywords,Buyer
TS-013,V00636,Safari,Mobile,Valid,Low,One_Result,Multiple_Keywords,Buyer
TS-013,V00637,Safari,Tablet,Valid,High,One_Result,Multiple_Keywords,Buyer
TS-013,V00638,Safari,Tablet,Valid,Medium,One_Result,Multiple_Keywords,Buyer
TS-013,V00639,Safari,Tablet,Valid,Low,One_Result,Multiple_Keywords,Buyer
TS-013,V00640,Edge,Desktop,Valid,High,One_Result,Multiple_Keywords,Buyer
TS-013,V00641,Edge,Desktop,Valid,Medium,One_Result,Multiple_Keywords,Buyer
TS-013,V00642,Edge,Desktop,Valid,Low,One_Result,Multiple_Keywords,Buyer
TS-013,V00643,Edge,Mobile,Valid,High,One_Result,Multiple_Keywords,Buyer
TS-013,V00644,Edge,Mobile,Valid,Medium,One_Result,Multiple_Keywords,Buyer
TS-013,V00645,Edge,Mobile,Valid,Low,One_Result,Multiple_Keywords,Buyer
TS-013,V00646,Edge,Tablet,Valid,High,One_Result,Multiple_Keywords,Buyer
TS-013,V00647,Edge,Tablet,Valid,Medium,One_Result,Multiple_Keywords,Buyer
TS-013,V00648,Edge,Tablet,Valid,Low,One_Result,Multiple_Keywords,Buyer
TS-013,V00649,Chrome,Desktop,Valid,High,Many_Results,Partial_Match,Buyer
TS-013,V00650,Chrome,Desktop,Valid,Medium,Many_Results,Partial_Match,Buyer
TS-013,V00651,Chrome,Desktop,Valid,Low,Many_Results,Partial_Match,Buyer
TS-013,V00652,Chrome,Mobile,Valid,High,Many_Results,Partial_Match,Buyer
TS-013,V00653,Chrome,Mobile,Valid,Medium,Many_Results,Partial_Match,Buyer
TS-013,V00654,Chrome,Mobile,Valid,Low,Many_Results,Partial_Match,Buyer
TS-013,V00655,Chrome,Tablet,Valid,High,Many_Results,Partial_Match,Buyer
TS-013,V00656,Chrome,Tablet,Valid,Medium,Many_Results,Partial_Match,Buyer
TS-013,V00657,Chrome,Tablet,Valid,Low,Many_Results,Partial_Match,Buyer
TS-013,V00658,Firefox,Desktop,Valid,High,Many_Results,Partial_Match,Buyer
TS-013,V00659,Firefox,Desktop,Valid,Medium,Many_Results,Partial_Match,Buyer
TS-013,V00660,Firefox,Desktop,Valid,Low,Many_Results,Partial_Match,Buyer
TS-013,V00661,Firefox,Mobile,Valid,High,Many_Results,Partial_Match,Buyer
TS-013,V00662,Firefox,Mobile,Valid,Medium,Many_Results,Partial_Match,Buyer
TS-013,V00663,Firefox,Mobile,Valid,Low,Many_Results,Partial_Match,Buyer
TS-013,V00664,Firefox,Tablet,Valid,High,Many_Results,Partial_Match,Buyer
TS-013,V00665,Firefox,Tablet,Valid,Medium,Many_Results,Partial_Match,Buyer
TS-013,V00666,Firefox,Tablet,Valid,Low,Many_Results,Partial_Match,Buyer
TS-013,V00667,Safari,Desktop,Valid,High,Many_Results,Partial_Match,Buyer
TS-013,V00668,Safari,Desktop,Valid,Medium,Many_Results,Partial_Match,Buyer
TS-013,V00669,Safari,Desktop,Valid,Low,Many_Results,Partial_Match,Buyer
TS-013,V00670,Safari,Mobile,Valid,High,Many_Results,Partial_Match,Buyer
TS-013,V00671,Safari,Mobile,Valid,Medium,Many_Results,Partial_Match,Buyer
TS-013,V00672,Safari,Mobile,Valid,Low,Many_Results,Partial_Match,Buyer
TS-013,V00673,Safari,Tablet,Valid,High,Many_Results,Partial_Match,Buyer
TS-013,V00674,Safari,Tablet,Valid,Medium,Many_Results,Partial_Match,Buyer
TS-013,V00675,Safari,Tablet,Valid,Low,Many_Results,Partial_Match,Buyer
TS-013,V00676,Edge,Desktop,Valid,High,Many_Results,Partial_Match,Buyer
TS-013,V00677,Edge,Desktop,Valid,Medium,Many_Results,Partial_Match,Buyer
TS-013,V00678,Edge,Desktop,Valid,Low,Many_Results,Partial_Match,Buyer
TS-013,V00679,Edge,Mobile,Valid,High,Many_Results,Partial_Match,Buyer
TS-013,V00680,Edge,Mobile,Valid,Medium,Many_Results,Partial_Match,Buyer
TS-013,V00681,Edge,Mobile,Valid,Low,Many_Results,Partial_Match,Buyer
TS-013,V00682,Edge,Tablet,Valid,High,Many_Results,Partial_Match,Buyer
TS-013,V00683,Edge,Tablet,Valid,Medium,Many_Results,Partial_Match,Buyer
TS-013,V00684,Edge,Tablet,Valid,Low,Many_Results,Partial_Match,Buyer
TS-013,V00685,Chrome,Desktop,Valid,High,Few_Results,Partial_Match,Buyer
TS-013,V00686,Chrome,Desktop,Valid,Medium,Few_Results,Partial_Match,Buyer
TS-013,V00687,Chrome,Desktop,Valid,Low,Few_Results,Partial_Match,Buyer
TS-013,V00688,Chrome,Mobile,Valid,High,Few_Results,Partial_Match,Buyer
TS-013,V00689,Chrome,Mobile,Valid,Medium,Few_Results,Partial_Match,Buyer
TS-013,V00690,Chrome,Mobile,Valid,Low,Few_Results,Partial_Match,Buyer
TS-013,V00691,Chrome,Tablet,Valid,High,Few_Results,Partial_Match,Buyer
TS-013,V00692,Chrome,Tablet,Valid,Medium,Few_Results,Partial_Match,Buyer
TS-013,V00693,Chrome,Tablet,Valid,Low,Few_Results,Partial_Match,Buyer
TS-013,V00694,Firefox,Desktop,Valid,High,Few_Results,Partial_Match,Buyer
TS-013,V00695,Firefox,Desktop,Valid,Medium,Few_Results,Partial_Match,Buyer
TS-013,V00696,Firefox,Desktop,Valid,Low,Few_Results,Partial_Match,Buyer
TS-013,V00697,Firefox,Mobile,Valid,High,Few_Results,Partial_Match,Buyer
TS-013,V00698,Firefox,Mobile,Valid,Medium,Few_Results,Partial_Match,Buyer
TS-013,V00699,Firefox,Mobile,Valid,Low,Few_Results,Partial_Match,Buyer
TS-013,V00700,Firefox,Tablet,Valid,High,Few_Results,Partial_Match,Buyer
TS-013,V00701,Firefox,Tablet,Valid,Medium,Few_Results,Partial_Match,Buyer
TS-013,V00702,Firefox,Tablet,Valid,Low,Few_Results,Partial_Match,Buyer
TS-013,V00703,Safari,Desktop,Valid,High,Few_Results,Partial_Match,Buyer
TS-013,V00704,Safari,Desktop,Valid,Medium,Few_Results,Partial_Match,Buyer
TS-013,V00705,Safari,Desktop,Valid,Low,Few_Results,Partial_Match,Buyer
TS-013,V00706,Safari,Mobile,Valid,High,Few_Results,Partial_Match,Buyer
TS-013,V00707,Safari,Mobile,Valid,Medium,Few_Results,Partial_Match,Buyer
TS-013,V00708,Safari,Mobile,Valid,Low,Few_Results,Partial_Match,Buyer
TS-013,V00709,Safari,Tablet,Valid,High,Few_Results,Partial_Match,Buyer
TS-013,V00710,Safari,Tablet,Valid,Medium,Few_Results,Partial_Match,Buyer
TS-013,V00711,Safari,Tablet,Valid,Low,Few_Results,Partial_Match,Buyer
TS-013,V00712,Edge,Desktop,Valid,High,Few_Results,Partial_Match,Buyer
TS-013,V00713,Edge,Desktop,Valid,Medium,Few_Results,Partial_Match,Buyer
TS-013,V00714,Edge,Desktop,Valid,Low,Few_Results,Partial_Match,Buyer
TS-013,V00715,Edge,Mobile,Valid,High,Few_Results,Partial_Match,Buyer
TS-013,V00716,Edge,Mobile,Valid,Medium,Few_Results,Partial_Match,Buyer
TS-013,V00717,Edge,Mobile,Valid,Low,Few_Results,Partial_Match,Buyer
TS-013,V00718,Edge,Tablet,Valid,High,Few_Results,Partial_Match,Buyer
TS-013,V00719,Edge,Tablet,Valid,Medium,Few_Results,Partial_Match,Buyer
TS-013,V00720,Edge,Tablet,Valid,Low,Few_Results,Partial_Match,Buyer
TS-013,V00721,Chrome,Desktop,Valid,High,One_Result,Partial_Match,Buyer
TS-013,V00722,Chrome,Desktop,Valid,Medium,One_Result,Partial_Match,Buyer
TS-013,V00723,Chrome,Desktop,Valid,Low,One_Result,Partial_Match,Buyer
TS-013,V00724,Chrome,Mobile,Valid,High,One_Result,Partial_Match,Buyer
TS-013,V00725,Chrome,Mobile,Valid,Medium,One_Result,Partial_Match,Buyer
TS-013,V00726,Chrome,Mobile,Valid,Low,One_Result,Partial_Match,Buyer
TS-013,V00727,Chrome,Tablet,Valid,High,One_Result,Partial_Match,Buyer
TS-013,V00728,Chrome,Tablet,Valid,Medium,One_Result,Partial_Match,Buyer
TS-013,V00729,Chrome,Tablet,Valid,Low,One_Result,Partial_Match,Buyer
TS-013,V00730,Firefox,Desktop,Valid,High,One_Result,Partial_Match,Buyer
TS-013,V00731,Firefox,Desktop,Valid,Medium,One_Result,Partial_Match,Buyer
TS-013,V00732,Firefox,Desktop,Valid,Low,One_Result,Partial_Match,Buyer
TS-013,V00733,Firefox,Mobile,Valid,High,One_Result,Partial_Match,Buyer
TS-013,V00734,Firefox,Mobile,Valid,Medium,One_Result,Partial_Match,Buyer
TS-013,V00735,Firefox,Mobile,Valid,Low,One_Result,Partial_Match,Buyer
TS-013,V00736,Firefox,Tablet,Valid,High,One_Result,Partial_Match,Buyer
TS-013,V00737,Firefox,Tablet,Valid,Medium,One_Result,Partial_Match,Buyer
TS-013,V00738,Firefox,Tablet,Valid,Low,One_Result,Partial_Match,Buyer
TS-013,V00739,Safari,Desktop,Valid,High,One_Result,Partial_Match,Buyer
TS-013,V00740,Safari,Desktop,Valid,Medium,One_Result,Partial_Match,Buyer
TS-013,V00741,Safari,Desktop,Valid,Low,One_Result,Partial_Match,Buyer
TS-013,V00742,Safari,Mobile,Valid,High,One_Result,Partial_Match,Buyer
TS-013,V00743,Safari,Mobile,Valid,Medium,One_Result,Partial_Match,Buyer
TS-013,V00744,Safari,Mobile,Valid,Low,One_Result,Partial_Match,Buyer
TS-013,V00745,Safari,Tablet,Valid,High,One_Result,Partial_Match,Buyer
TS-013,V00746,Safari,Tablet,Valid,Medium,One_Result,Partial_Match,Buyer
TS-013,V00747,Safari,Tablet,Valid,Low,One_Result,Partial_Match,Buyer
TS-013,V00748,Edge,Desktop,Valid,High,One_Result,Partial_Match,Buyer
TS-013,V00749,Edge,Desktop,Valid,Medium,One_Result,Partial_Match,Buyer
TS-013,V00750,Edge,Desktop,Valid,Low,One_Result,Partial_Match,Buyer
TS-013,V00751,Edge,Mobile,Valid,High,One_Result,Partial_Match,Buyer
TS-013,V00752,Edge,Mobile,Valid,Medium,One_Result,Partial_Match,Buyer
TS-013,V00753,Edge,Mobile,Valid,Low,One_Result,Partial_Match,Buyer
TS-013,V00754,Edge,Tablet,Valid,High,One_Result,Partial_Match,Buyer
TS-013,V00755,Edge,Tablet,Valid,Medium,One_Result,Partial_Match,Buyer
TS-013,V00756,Edge,Tablet,Valid,Low,One_Result,Partial_Match,Buyer
TS-013,V00757,Chrome,Desktop,Valid,High,Many_Results,Exact_Match,Buyer
TS-013,V00758,Chrome,Desktop,Valid,Medium,Many_Results,Exact_Match,Buyer
TS-013,V00759,Chrome,Desktop,Valid,Low,Many_Results,Exact_Match,Buyer
TS-013,V00760,Chrome,Mobile,Valid,High,Many_Results,Exact_Match,Buyer
TS-013,V00761,Chrome,Mobile,Valid,Medium,Many_Results,Exact_Match,Buyer
TS-013,V00762,Chrome,Mobile,Valid,Low,Many_Results,Exact_Match,Buyer
TS-013,V00763,Chrome,Tablet,Valid,High,Many_Results,Exact_Match,Buyer
TS-013,V00764,Chrome,Tablet,Valid,Medium,Many_Results,Exact_Match,Buyer
TS-013,V00765,Chrome,Tablet,Valid,Low,Many_Results,Exact_Match,Buyer
TS-013,V00766,Firefox,Desktop,Valid,High,Many_Results,Exact_Match,Buyer
TS-013,V00767,Firefox,Desktop,Valid,Medium,Many_Results,Exact_Match,Buyer
TS-013,V00768,Firefox,Desktop,Valid,Low,Many_Results,Exact_Match,Buyer
TS-013,V00769,Firefox,Mobile,Valid,High,Many_Results,Exact_Match,Buyer
TS-013,V00770,Firefox,Mobile,Valid,Medium,Many_Results,Exact_Match,Buyer
TS-013,V00771,Firefox,Mobile,Valid,Low,Many_Results,Exact_Match,Buyer
TS-013,V00772,Firefox,Tablet,Valid,High,Many_Results,Exact_Match,Buyer
TS-013,V00773,Firefox,Tablet,Valid,Medium,Many_Results,Exact_Match,Buyer
TS-013,V00774,Firefox,Tablet,Valid,Low,Many_Results,Exact_Match,Buyer
TS-013,V00775,Safari,Desktop,Valid,High,Many_Results,Exact_Match,Buyer
TS-013,V00776,Safari,Desktop,Valid,Medium,Many_Results,Exact_Match,Buyer
TS-013,V00777,Safari,Desktop,Valid,Low,Many_Results,Exact_Match,Buyer
TS-013,V00778,Safari,Mobile,Valid,High,Many_Results,Exact_Match,Buyer
TS-013,V00779,Safari,Mobile,Valid,Medium,Many_Results,Exact_Match,Buyer
TS-013,V00780,Safari,Mobile,Valid,Low,Many_Results,Exact_Match,Buyer
TS-013,V00781,Safari,Tablet,Valid,High,Many_Results,Exact_Match,Buyer
TS-013,V00782,Safari,Tablet,Valid,Medium,Many_Results,Exact_Match,Buyer
TS-013,V00783,Safari,Tablet,Valid,Low,Many_Results,Exact_Match,Buyer
TS-013,V00784,Edge,Desktop,Valid,High,Many_Results,Exact_Match,Buyer
TS-013,V00785,Edge,Desktop,Valid,Medium,Many_Results,Exact_Match,Buyer
TS-013,V00786,Edge,Desktop,Valid,Low,Many_Results,Exact_Match,Buyer
TS-013,V00787,Edge,Mobile,Valid,High,Many_Results,Exact_Match,Buyer
TS-013,V00788,Edge,Mobile,Valid,Medium,Many_Results,Exact_Match,Buyer
TS-013,V00789,Edge,Mobile,Valid,Low,Many_Results,Exact_Match,Buyer
TS-013,V00790,Edge,Tablet,Valid,High,Many_Results,Exact_Match,Buyer
TS-013,V00791,Edge,Tablet,Valid,Medium,Many_Results,Exact_Match,Buyer
TS-013,V00792,Edge,Tablet,Valid,Low,Many_Results,Exact_Match,Buyer
TS-013,V00793,Chrome,Desktop,Valid,High,Few_Results,Exact_Match,Buyer
TS-013,V00794,Chrome,Desktop,Valid,Medium,Few_Results,Exact_Match,Buyer
TS-013,V00795,Chrome,Desktop,Valid,Low,Few_Results,Exact_Match,Buyer
TS-013,V00796,Chrome,Mobile,Valid,High,Few_Results,Exact_Match,Buyer
TS-013,V00797,Chrome,Mobile,Valid,Medium,Few_Results,Exact_Match,Buyer
TS-013,V00798,Chrome,Mobile,Valid,Low,Few_Results,Exact_Match,Buyer
TS-013,V00799,Chrome,Tablet,Valid,High,Few_Results,Exact_Match,Buyer
TS-013,V00800,Chrome,Tablet,Valid,Medium,Few_Results,Exact_Match,Buyer
TS-013,V00801,Chrome,Tablet,Valid,Low,Few_Results,Exact_Match,Buyer
TS-013,V00802,Firefox,Desktop,Valid,High,Few_Results,Exact_Match,Buyer
TS-013,V00803,Firefox,Desktop,Valid,Medium,Few_Results,Exact_Match,Buyer
TS-013,V00804,Firefox,Desktop,Valid,Low,Few_Results,Exact_Match,Buyer
TS-013,V00805,Firefox,Mobile,Valid,High,Few_Results,Exact_Match,Buyer
TS-013,V00806,Firefox,Mobile,Valid,Medium,Few_Results,Exact_Match,Buyer
TS-013,V00807,Firefox,Mobile,Valid,Low,Few_Results,Exact_Match,Buyer
TS-013,V00808,Firefox,Tablet,Valid,High,Few_Results,Exact_Match,Buyer
TS-013,V00809,Firefox,Tablet,Valid,Medium,Few_Results,Exact_Match,Buyer
TS-013,V00810,Firefox,Tablet,Valid,Low,Few_Results,Exact_Match,Buyer
TS-013,V00811,Safari,Desktop,Valid,High,Few_Results,Exact_Match,Buyer
TS-013,V00812,Safari,Desktop,Valid,Medium,Few_Results,Exact_Match,Buyer
TS-013,V00813,Safari,Desktop,Valid,Low,Few_Results,Exact_Match,Buyer
TS-013,V00814,Safari,Mobile,Valid,High,Few_Results,Exact_Match,Buyer
TS-013,V00815,Safari,Mobile,Valid,Medium,Few_Results,Exact_Match,Buyer
TS-013,V00816,Safari,Mobile,Valid,Low,Few_Results,Exact_Match,Buyer
TS-013,V00817,Safari,Tablet,Valid,High,Few_Results,Exact_Match,Buyer
TS-013,V00818,Safari,Tablet,Valid,Medium,Few_Results,Exact_Match,Buyer
TS-013,V00819,Safari,Tablet,Valid,Low,Few_Results,Exact_Match,Buyer
TS-013,V00820,Edge,Desktop,Valid,High,Few_Results,Exact_Match,Buyer
TS-013,V00821,Edge,Desktop,Valid,Medium,Few_Results,Exact_Match,Buyer
TS-013,V00822,Edge,Desktop,Valid,Low,Few_Results,Exact_Match,Buyer
TS-013,V00823,Edge,Mobile,Valid,High,Few_Results,Exact_Match,Buyer
TS-013,V00824,Edge,Mobile,Valid,Medium,Few_Results,Exact_Match,Buyer
TS-013,V00825,Edge,Mobile,Valid,Low,Few_Results,Exact_Match,Buyer
TS-013,V00826,Edge,Tablet,Valid,High,Few_Results,Exact_Match,Buyer
TS-013,V00827,Edge,Tablet,Valid,Medium,Few_Results,Exact_Match,Buyer
TS-013,V00828,Edge,Tablet,Valid,Low,Few_Results,Exact_Match,Buyer
TS-013,V00829,Chrome,Desktop,Valid,High,One_Result,Exact_Match,Buyer
TS-013,V00830,Chrome,Desktop,Valid,Medium,One_Result,Exact_Match,Buyer
TS-013,V00831,Chrome,Desktop,Valid,Low,One_Result,Exact_Match,Buyer
TS-013,V00832,Chrome,Mobile,Valid,High,One_Result,Exact_Match,Buyer
TS-013,V00833,Chrome,Mobile,Valid,Medium,One_Result,Exact_Match,Buyer
TS-013,V00834,Chrome,Mobile,Valid,Low,One_Result,Exact_Match,Buyer
TS-013,V00835,Chrome,Tablet,Valid,High,One_Result,Exact_Match,Buyer
TS-013,V00836,Chrome,Tablet,Valid,Medium,One_Result,Exact_Match,Buyer
TS-013,V00837,Chrome,Tablet,Valid,Low,One_Result,Exact_Match,Buyer
TS-013,V00838,Firefox,Desktop,Valid,High,One_Result,Exact_Match,Buyer
TS-013,V00839,Firefox,Desktop,Valid,Medium,One_Result,Exact_Match,Buyer
TS-013,V00840,Firefox,Desktop,Valid,Low,One_Result,Exact_Match,Buyer
TS-013,V00841,Firefox,Mobile,Valid,High,One_Result,Exact_Match,Buyer
TS-013,V00842,Firefox,Mobile,Valid,Medium,One_Result,Exact_Match,Buyer
TS-013,V00843,Firefox,Mobile,Valid,Low,One_Result,Exact_Match,Buyer
TS-013,V00844,Firefox,Tablet,Valid,High,One_Result,Exact_Match,Buyer
TS-013,V00845,Firefox,Tablet,Valid,Medium,One_Result,Exact_Match,Buyer
TS-013,V00846,Firefox,Tablet,Valid,Low,One_Result,Exact_Match,Buyer
TS-013,V00847,Safari,Desktop,Valid,High,One_Result,Exact_Match,Buyer
TS-013,V00848,Safari,Desktop,Valid,Medium,One_Result,Exact_Match,Buyer
TS-013,V00849,Safari,Desktop,Valid,Low,One_Result,Exact_Match,Buyer
TS-013,V00850,Safari,Mobile,Valid,High,One_Result,Exact_Match,Buyer
TS-013,V00851,Safari,Mobile,Valid,Medium,One_Result,Exact_Match,Buyer
TS-013,V00852,Safari,Mobile,Valid,Low,One_Result,Exact_Match,Buyer
TS-013,V00853,Safari,Tablet,Valid,High,One_Result,Exact_Match,Buyer
TS-013,V00854,Safari,Tablet,Valid,Medium,One_Result,Exact_Match,Buyer
TS-013,V00855,Safari,Tablet,Valid,Low,One_Result,Exact_Match,Buyer
TS-013,V00856,Edge,Desktop,Valid,High,One_Result,Exact_Match,Buyer
TS-013,V00857,Edge,Desktop,Valid,Medium,One_Result,Exact_Match,Buyer
TS-013,V00858,Edge,Desktop,Valid,Low,One_Result,Exact_Match,Buyer
TS-013,V00859,Edge,Mobile,Valid,High,One_Result,Exact_Match,Buyer
TS-013,V00860,Edge,Mobile,Valid,Medium,One_Result,Exact_Match,Buyer
TS-013,V00861,Edge,Mobile,Valid,Low,One_Result,Exact_Match,Buyer
TS-013,V00862,Edge,Tablet,Valid,High,One_Result,Exact_Match,Buyer
TS-013,V00863,Edge,Tablet,Valid,Medium,One_Result,Exact_Match,Buyer
TS-013,V00864,Edge,Tablet,Valid,Low,One_Result,Exact_Match,Buyer
