Scenario_ID,Variant_ID,Browser,Device,Network_Speed,Product_Count,Sub_Category_Type,User_Type
TS-016,V00001,Chrome,Desktop,High,Many,Shirts,Visitor
TS-016,V00002,Chrome,Desktop,Medium,Many,Shirts,Visitor
TS-016,V00003,Chrome,Desktop,Low,Many,Shirts,Visitor
TS-016,V00004,Chrome,Mobile,High,Many,Shirts,Visitor
TS-016,V00005,Chrome,Mobile,Medium,Many,Shirts,Visitor
TS-016,V00006,Chrome,Mobile,Low,Many,Shirts,Visitor
TS-016,V00007,Chrome,Tablet,High,Many,Shirts,Visitor
TS-016,V00008,Chrome,Tablet,Medium,Many,Shirts,Visitor
TS-016,V00009,Chrome,Tablet,Low,Many,Shirts,Visitor
TS-016,V00010,Firefox,Desktop,High,Many,Shirts,Visitor
TS-016,V00011,Firefox,Desktop,Medium,Many,Shirts,Visitor
TS-016,V00012,Firefox,Desktop,Low,Many,Shirts,Visitor
TS-016,V00013,Firefox,Mobile,High,Many,Shirts,Visitor
TS-016,V00014,Firefox,Mobile,Medium,Many,Shirts,Visitor
TS-016,V00015,Firefox,Mobile,Low,Many,Shirts,Visitor
TS-016,V00016,Firefox,Tablet,High,Many,Shirts,Visitor
TS-016,V00017,Firefox,Tablet,Medium,Many,Shirts,Visitor
TS-016,V00018,Firefox,Tablet,Low,Many,Shirts,Visitor
TS-016,V00019,Safari,Desktop,High,Many,Shirts,Visitor
TS-016,V00020,Safari,Desktop,Medium,Many,Shirts,Visitor
TS-016,V00021,Safari,Desktop,Low,Many,Shirts,Visitor
TS-016,V00022,Safari,Mobile,High,Many,Shirts,Visitor
TS-016,V00023,Safari,Mobile,Medium,Many,Shirts,Visitor
TS-016,V00024,Safari,Mobile,Low,Many,Shirts,Visitor
TS-016,V00025,Safari,Tablet,High,Many,Shirts,Visitor
TS-016,V00026,Safari,Tablet,Medium,Many,Shirts,Visitor
TS-016,V00027,Safari,Tablet,Low,Many,Shirts,Visitor
TS-016,V00028,Edge,Desktop,High,Many,Shirts,Visitor
TS-016,V00029,Edge,Desktop,Medium,Many,Shirts,Visitor
TS-016,V00030,Edge,Desktop,Low,Many,Shirts,Visitor
TS-016,V00031,Edge,Mobile,High,Many,Shirts,Visitor
TS-016,V00032,Edge,Mobile,Medium,Many,Shirts,Visitor
TS-016,V00033,Edge,Mobile,Low,Many,Shirts,Visitor
TS-016,V00034,Edge,Tablet,High,Many,Shirts,Visitor
TS-016,V00035,Edge,Tablet,Medium,Many,Shirts,Visitor
TS-016,V00036,Edge,Tablet,Low,Many,Shirts,Visitor
TS-016,V00037,Chrome,Desktop,High,Few,Shirts,Visitor
TS-016,V00038,Chrome,Desktop,Medium,Few,Shirts,Visitor
TS-016,V00039,Chrome,Desktop,Low,Few,Shirts,Visitor
TS-016,V00040,Chrome,Mobile,High,Few,Shirts,Visitor
TS-016,V00041,Chrome,Mobile,Medium,Few,Shirts,Visitor
TS-016,V00042,Chrome,Mobile,Low,Few,Shirts,Visitor
TS-016,V00043,Chrome,Tablet,High,Few,Shirts,Visitor
TS-016,V00044,Chrome,Tablet,Medium,Few,Shirts,Visitor
TS-016,V00045,Chrome,Tablet,Low,Few,Shirts,Visitor
TS-016,V00046,Firefox,Desktop,High,Few,Shirts,Visitor
TS-016,V00047,Firefox,Desktop,Medium,Few,Shirts,Visitor
TS-016,V00048,Firefox,Desktop,Low,Few,Shirts,Visitor
TS-016,V00049,Firefox,Mobile,High,Few,Shirts,Visitor
TS-016,V00050,Firefox,Mobile,Medium,Few,Shirts,Visitor
TS-016,V00051,Firefox,Mobile,Low,Few,Shirts,Visitor
TS-016,V00052,Firefox,Tablet,High,Few,Shirts,Visitor
TS-016,V00053,Firefox,Tablet,Medium,Few,Shirts,Visitor
TS-016,V00054,Firefox,Tablet,Low,Few,Shirts,Visitor
TS-016,V00055,Safari,Desktop,High,Few,Shirts,Visitor
TS-016,V00056,Safari,Desktop,Medium,Few,Shirts,Visitor
TS-016,V00057,Safari,Desktop,Low,Few,Shirts,Visitor
TS-016,V00058,Safari,Mobile,High,Few,Shirts,Visitor
TS-016,V00059,Safari,Mobile,Medium,Few,Shirts,Visitor
TS-016,V00060,Safari,Mobile,Low,Few,Shirts,Visitor
TS-016,V00061,Safari,Tablet,High,Few,Shirts,Visitor
TS-016,V00062,Safari,Tablet,Medium,Few,Shirts,Visitor
TS-016,V00063,Safari,Tablet,Low,Few,Shirts,Visitor
TS-016,V00064,Edge,Desktop,High,Few,Shirts,Visitor
TS-016,V00065,Edge,Desktop,Medium,Few,Shirts,Visitor
TS-016,V00066,Edge,Desktop,Low,Few,Shirts,Visitor
TS-016,V00067,Edge,Mobile,High,Few,Shirts,Visitor
TS-016,V00068,Edge,Mobile,Medium,Few,Shirts,Visitor
TS-016,V00069,Edge,Mobile,Low,Few,Shirts,Visitor
TS-016,V00070,Edge,Tablet,High,Few,Shirts,Visitor
TS-016,V00071,Edge,Tablet,Medium,Few,Shirts,Visitor
TS-016,V00072,Edge,Tablet,Low,Few,Shirts,Visitor
TS-016,V00073,Chrome,Desktop,High,One,Shirts,Visitor
TS-016,V00074,Chrome,Desktop,Medium,One,Shirts,Visitor
TS-016,V00075,Chrome,Desktop,Low,One,Shirts,Visitor
TS-016,V00076,Chrome,Mobile,High,One,Shirts,Visitor
TS-016,V00077,Chrome,Mobile,Medium,One,Shirts,Visitor
TS-016,V00078,Chrome,Mobile,Low,One,Shirts,Visitor
TS-016,V00079,Chrome,Tablet,High,One,Shirts,Visitor
TS-016,V00080,Chrome,Tablet,Medium,One,Shirts,Visitor
TS-016,V00081,Chrome,Tablet,Low,One,Shirts,Visitor
TS-016,V00082,Firefox,Desktop,High,One,Shirts,Visitor
TS-016,V00083,Firefox,Desktop,Medium,One,Shirts,Visitor
TS-016,V00084,Firefox,Desktop,Low,One,Shirts,Visitor
TS-016,V00085,Firefox,Mobile,High,One,Shirts,Visitor
TS-016,V00086,Firefox,Mobile,Medium,One,Shirts,Visitor
TS-016,V00087,Firefox,Mobile,Low,One,Shirts,Visitor
TS-016,V00088,Firefox,Tablet,High,One,Shirts,Visitor
TS-016,V00089,Firefox,Tablet,Medium,One,Shirts,Visitor
TS-016,V00090,Firefox,Tablet,Low,One,Shirts,Visitor
TS-016,V00091,Safari,Desktop,High,One,Shirts,Visitor
TS-016,V00092,Safari,Desktop,Medium,One,Shirts,Visitor
TS-016,V00093,Safari,Desktop,Low,One,Shirts,Visitor
TS-016,V00094,Safari,Mobile,High,One,Shirts,Visitor
TS-016,V00095,Safari,Mobile,Medium,One,Shirts,Visitor
TS-016,V00096,Safari,Mobile,Low,One,Shirts,Visitor
TS-016,V00097,Safari,Tablet,High,One,Shirts,Visitor
TS-016,V00098,Safari,Tablet,Medium,One,Shirts,Visitor
TS-016,V00099,Safari,Tablet,Low,One,Shirts,Visitor
TS-016,V00100,Edge,Desktop,High,One,Shirts,Visitor
TS-016,V00101,Edge,Desktop,Medium,One,Shirts,Visitor
TS-016,V00102,Edge,Desktop,Low,One,Shirts,Visitor
TS-016,V00103,Edge,Mobile,High,One,Shirts,Visitor
TS-016,V00104,Edge,Mobile,Medium,One,Shirts,Visitor
TS-016,V00105,Edge,Mobile,Low,One,Shirts,Visitor
TS-016,V00106,Edge,Tablet,High,One,Shirts,Visitor
TS-016,V00107,Edge,Tablet,Medium,One,Shirts,Visitor
TS-016,V00108,Edge,Tablet,Low,One,Shirts,Visitor
TS-016,V00109,Chrome,Desktop,High,None,Shirts,Visitor
TS-016,V00110,Chrome,Desktop,Medium,None,Shirts,Visitor
TS-016,V00111,Chrome,Desktop,Low,None,Shirts,Visitor
TS-016,V00112,Chrome,Mobile,High,None,Shirts,Visitor
TS-016,V00113,Chrome,Mobile,Medium,None,Shirts,Visitor
TS-016,V00114,Chrome,Mobile,Low,None,Shirts,Visitor
TS-016,V00115,Chrome,Tablet,High,None,Shirts,Visitor
TS-016,V00116,Chrome,Tablet,Medium,None,Shirts,Visitor
TS-016,V00117,Chrome,Tablet,Low,None,Shirts,Visitor
TS-016,V00118,Firefox,Desktop,High,None,Shirts,Visitor
TS-016,V00119,Firefox,Desktop,Medium,None,Shirts,Visitor
TS-016,V00120,Firefox,Desktop,Low,None,Shirts,Visitor
TS-016,V00121,Firefox,Mobile,High,None,Shirts,Visitor
TS-016,V00122,Firefox,Mobile,Medium,None,Shirts,Visitor
TS-016,V00123,Firefox,Mobile,Low,None,Shirts,Visitor
TS-016,V00124,Firefox,Tablet,High,None,Shirts,Visitor
TS-016,V00125,Firefox,Tablet,Medium,None,Shirts,Visitor
TS-016,V00126,Firefox,Tablet,Low,None,Shirts,Visitor
TS-016,V00127,Safari,Desktop,High,None,Shirts,Visitor
TS-016,V00128,Safari,Desktop,Medium,None,Shirts,Visitor
TS-016,V00129,Safari,Desktop,Low,None,Shirts,Visitor
TS-016,V00130,Safari,Mobile,High,None,Shirts,Visitor
TS-016,V00131,Safari,Mobile,Medium,None,Shirts,Visitor
TS-016,V00132,Safari,Mobile,Low,None,Shirts,Visitor
TS-016,V00133,Safari,Tablet,High,None,Shirts,Visitor
TS-016,V00134,Safari,Tablet,Medium,None,Shirts,Visitor
TS-016,V00135,Safari,Tablet,Low,None,Shirts,Visitor
TS-016,V00136,Edge,Desktop,High,None,Shirts,Visitor
TS-016,V00137,Edge,Desktop,Medium,None,Shirts,Visitor
TS-016,V00138,Edge,Desktop,Low,None,Shirts,Visitor
TS-016,V00139,Edge,Mobile,High,None,Shirts,Visitor
TS-016,V00140,Edge,Mobile,Medium,None,Shirts,Visitor
TS-016,V00141,Edge,Mobile,Low,None,Shirts,Visitor
TS-016,V00142,Edge,Tablet,High,None,Shirts,Visitor
TS-016,V00143,Edge,Tablet,Medium,None,Shirts,Visitor
TS-016,V00144,Edge,Tablet,Low,None,Shirts,Visitor
TS-016,V00145,Chrome,Desktop,High,Many,Jeans,Visitor
TS-016,V00146,Chrome,Desktop,Medium,Many,Jeans,Visitor
TS-016,V00147,Chrome,Desktop,Low,Many,Jeans,Visitor
TS-016,V00148,Chrome,Mobile,High,Many,Jeans,Visitor
TS-016,V00149,Chrome,Mobile,Medium,Many,Jeans,Visitor
TS-016,V00150,Chrome,Mobile,Low,Many,Jeans,Visitor
TS-016,V00151,Chrome,Tablet,High,Many,Jeans,Visitor
TS-016,V00152,Chrome,Tablet,Medium,Many,Jeans,Visitor
TS-016,V00153,Chrome,Tablet,Low,Many,Jeans,Visitor
TS-016,V00154,Firefox,Desktop,High,Many,Jeans,Visitor
TS-016,V00155,Firefox,Desktop,Medium,Many,Jeans,Visitor
TS-016,V00156,Firefox,Desktop,Low,Many,Jeans,Visitor
TS-016,V00157,Firefox,Mobile,High,Many,Jeans,Visitor
TS-016,V00158,Firefox,Mobile,Medium,Many,Jeans,Visitor
TS-016,V00159,Firefox,Mobile,Low,Many,Jeans,Visitor
TS-016,V00160,Firefox,Tablet,High,Many,Jeans,Visitor
TS-016,V00161,Firefox,Tablet,Medium,Many,Jeans,Visitor
TS-016,V00162,Firefox,Tablet,Low,Many,Jeans,Visitor
TS-016,V00163,Safari,Desktop,High,Many,Jeans,Visitor
TS-016,V00164,Safari,Desktop,Medium,Many,Jeans,Visitor
TS-016,V00165,Safari,Desktop,Low,Many,Jeans,Visitor
TS-016,V00166,Safari,Mobile,High,Many,Jeans,Visitor
TS-016,V00167,Safari,Mobile,Medium,Many,Jeans,Visitor
TS-016,V00168,Safari,Mobile,Low,Many,Jeans,Visitor
TS-016,V00169,Safari,Tablet,High,Many,Jeans,Visitor
TS-016,V00170,Safari,Tablet,Medium,Many,Jeans,Visitor
TS-016,V00171,Safari,Tablet,Low,Many,Jeans,Visitor
TS-016,V00172,Edge,Desktop,High,Many,Jeans,Visitor
TS-016,V00173,Edge,Desktop,Medium,Many,Jeans,Visitor
TS-016,V00174,Edge,Desktop,Low,Many,Jeans,Visitor
TS-016,V00175,Edge,Mobile,High,Many,Jeans,Visitor
TS-016,V00176,Edge,Mobile,Medium,Many,Jeans,Visitor
TS-016,V00177,Edge,Mobile,Low,Many,Jeans,Visitor
TS-016,V00178,Edge,Tablet,High,Many,Jeans,Visitor
TS-016,V00179,Edge,Tablet,Medium,Many,Jeans,Visitor
TS-016,V00180,Edge,Tablet,Low,Many,Jeans,Visitor
TS-016,V00181,Chrome,Desktop,High,Few,Jeans,Visitor
TS-016,V00182,Chrome,Desktop,Medium,Few,Jeans,Visitor
TS-016,V00183,Chrome,Desktop,Low,Few,Jeans,Visitor
TS-016,V00184,Chrome,Mobile,High,Few,Jeans,Visitor
TS-016,V00185,Chrome,Mobile,Medium,Few,Jeans,Visitor
TS-016,V00186,Chrome,Mobile,Low,Few,Jeans,Visitor
TS-016,V00187,Chrome,Tablet,High,Few,Jeans,Visitor
TS-016,V00188,Chrome,Tablet,Medium,Few,Jeans,Visitor
TS-016,V00189,Chrome,Tablet,Low,Few,Jeans,Visitor
TS-016,V00190,Firefox,Desktop,High,Few,Jeans,Visitor
TS-016,V00191,Firefox,Desktop,Medium,Few,Jeans,Visitor
TS-016,V00192,Firefox,Desktop,Low,Few,Jeans,Visitor
TS-016,V00193,Firefox,Mobile,High,Few,Jeans,Visitor
TS-016,V00194,Firefox,Mobile,Medium,Few,Jeans,Visitor
TS-016,V00195,Firefox,Mobile,Low,Few,Jeans,Visitor
TS-016,V00196,Firefox,Tablet,High,Few,Jeans,Visitor
TS-016,V00197,Firefox,Tablet,Medium,Few,Jeans,Visitor
TS-016,V00198,Firefox,Tablet,Low,Few,Jeans,Visitor
TS-016,V00199,Safari,Desktop,High,Few,Jeans,Visitor
TS-016,V00200,Safari,Desktop,Medium,Few,Jeans,Visitor
TS-016,V00201,Safari,Desktop,Low,Few,Jeans,Visitor
TS-016,V00202,Safari,Mobile,High,Few,Jeans,Visitor
TS-016,V00203,Safari,Mobile,Medium,Few,Jeans,Visitor
TS-016,V00204,Safari,Mobile,Low,Few,Jeans,Visitor
TS-016,V00205,Safari,Tablet,High,Few,Jeans,Visitor
TS-016,V00206,Safari,Tablet,Medium,Few,Jeans,Visitor
TS-016,V00207,Safari,Tablet,Low,Few,Jeans,Visitor
TS-016,V00208,Edge,Desktop,High,Few,Jeans,Visitor
TS-016,V00209,Edge,Desktop,Medium,Few,Jeans,Visitor
TS-016,V00210,Edge,Desktop,Low,Few,Jeans,Visitor
TS-016,V00211,Edge,Mobile,High,Few,Jeans,Visitor
TS-016,V00212,Edge,Mobile,Medium,Few,Jeans,Visitor
TS-016,V00213,Edge,Mobile,Low,Few,Jeans,Visitor
TS-016,V00214,Edge,Tablet,High,Few,Jeans,Visitor
TS-016,V00215,Edge,Tablet,Medium,Few,Jeans,Visitor
TS-016,V00216,Edge,Tablet,Low,Few,Jeans,Visitor
TS-016,V00217,Chrome,Desktop,High,One,Jeans,Visitor
TS-016,V00218,Chrome,Desktop,Medium,One,Jeans,Visitor
TS-016,V00219,Chrome,Desktop,Low,One,Jeans,Visitor
TS-016,V00220,Chrome,Mobile,High,One,Jeans,Visitor
TS-016,V00221,Chrome,Mobile,Medium,One,Jeans,Visitor
TS-016,V00222,Chrome,Mobile,Low,One,Jeans,Visitor
TS-016,V00223,Chrome,Tablet,High,One,Jeans,Visitor
TS-016,V00224,Chrome,Tablet,Medium,One,Jeans,Visitor
TS-016,V00225,Chrome,Tablet,Low,One,Jeans,Visitor
TS-016,V00226,Firefox,Desktop,High,One,Jeans,Visitor
TS-016,V00227,Firefox,Desktop,Medium,One,Jeans,Visitor
TS-016,V00228,Firefox,Desktop,Low,One,Jeans,Visitor
TS-016,V00229,Firefox,Mobile,High,One,Jeans,Visitor
TS-016,V00230,Firefox,Mobile,Medium,One,Jeans,Visitor
TS-016,V00231,Firefox,Mobile,Low,One,Jeans,Visitor
TS-016,V00232,Firefox,Tablet,High,One,Jeans,Visitor
TS-016,V00233,Firefox,Tablet,Medium,One,Jeans,Visitor
TS-016,V00234,Firefox,Tablet,Low,One,Jeans,Visitor
TS-016,V00235,Safari,Desktop,High,One,Jeans,Visitor
TS-016,V00236,Safari,Desktop,Medium,One,Jeans,Visitor
TS-016,V00237,Safari,Desktop,Low,One,Jeans,Visitor
TS-016,V00238,Safari,Mobile,High,One,Jeans,Visitor
TS-016,V00239,Safari,Mobile,Medium,One,Jeans,Visitor
TS-016,V00240,Safari,Mobile,Low,One,Jeans,Visitor
TS-016,V00241,Safari,Tablet,High,One,Jeans,Visitor
TS-016,V00242,Safari,Tablet,Medium,One,Jeans,Visitor
TS-016,V00243,Safari,Tablet,Low,One,Jeans,Visitor
TS-016,V00244,Edge,Desktop,High,One,Jeans,Visitor
TS-016,V00245,Edge,Desktop,Medium,One,Jeans,Visitor
TS-016,V00246,Edge,Desktop,Low,One,Jeans,Visitor
TS-016,V00247,Edge,Mobile,High,One,Jeans,Visitor
TS-016,V00248,Edge,Mobile,Medium,One,Jeans,Visitor
TS-016,V00249,Edge,Mobile,Low,One,Jeans,Visitor
TS-016,V00250,Edge,Tablet,High,One,Jeans,Visitor
TS-016,V00251,Edge,Tablet,Medium,One,Jeans,Visitor
TS-016,V00252,Edge,Tablet,Low,One,Jeans,Visitor
TS-016,V00253,Chrome,Desktop,High,None,Jeans,Visitor
TS-016,V00254,Chrome,Desktop,Medium,None,Jeans,Visitor
TS-016,V00255,Chrome,Desktop,Low,None,Jeans,Visitor
TS-016,V00256,Chrome,Mobile,High,None,Jeans,Visitor
TS-016,V00257,Chrome,Mobile,Medium,None,Jeans,Visitor
TS-016,V00258,Chrome,Mobile,Low,None,Jeans,Visitor
TS-016,V00259,Chrome,Tablet,High,None,Jeans,Visitor
TS-016,V00260,Chrome,Tablet,Medium,None,Jeans,Visitor
TS-016,V00261,Chrome,Tablet,Low,None,Jeans,Visitor
TS-016,V00262,Firefox,Desktop,High,None,Jeans,Visitor
TS-016,V00263,Firefox,Desktop,Medium,None,Jeans,Visitor
TS-016,V00264,Firefox,Desktop,Low,None,Jeans,Visitor
TS-016,V00265,Firefox,Mobile,High,None,Jeans,Visitor
TS-016,V00266,Firefox,Mobile,Medium,None,Jeans,Visitor
TS-016,V00267,Firefox,Mobile,Low,None,Jeans,Visitor
TS-016,V00268,Firefox,Tablet,High,None,Jeans,Visitor
TS-016,V00269,Firefox,Tablet,Medium,None,Jeans,Visitor
TS-016,V00270,Firefox,Tablet,Low,None,Jeans,Visitor
TS-016,V00271,Safari,Desktop,High,None,Jeans,Visitor
TS-016,V00272,Safari,Desktop,Medium,None,Jeans,Visitor
TS-016,V00273,Safari,Desktop,Low,None,Jeans,Visitor
TS-016,V00274,Safari,Mobile,High,None,Jeans,Visitor
TS-016,V00275,Safari,Mobile,Medium,None,Jeans,Visitor
TS-016,V00276,Safari,Mobile,Low,None,Jeans,Visitor
TS-016,V00277,Safari,Tablet,High,None,Jeans,Visitor
TS-016,V00278,Safari,Tablet,Medium,None,Jeans,Visitor
TS-016,V00279,Safari,Tablet,Low,None,Jeans,Visitor
TS-016,V00280,Edge,Desktop,High,None,Jeans,Visitor
TS-016,V00281,Edge,Desktop,Medium,None,Jeans,Visitor
TS-016,V00282,Edge,Desktop,Low,None,Jeans,Visitor
TS-016,V00283,Edge,Mobile,High,None,Jeans,Visitor
TS-016,V00284,Edge,Mobile,Medium,None,Jeans,Visitor
TS-016,V00285,Edge,Mobile,Low,None,Jeans,Visitor
TS-016,V00286,Edge,Tablet,High,None,Jeans,Visitor
TS-016,V00287,Edge,Tablet,Medium,None,Jeans,Visitor
TS-016,V00288,Edge,Tablet,Low,None,Jeans,Visitor
TS-016,V00289,Chrome,Desktop,High,Many,TShirts,Visitor
TS-016,V00290,Chrome,Desktop,Medium,Many,TShirts,Visitor
TS-016,V00291,Chrome,Desktop,Low,Many,TShirts,Visitor
TS-016,V00292,Chrome,Mobile,High,Many,TShirts,Visitor
TS-016,V00293,Chrome,Mobile,Medium,Many,TShirts,Visitor
TS-016,V00294,Chrome,Mobile,Low,Many,TShirts,Visitor
TS-016,V00295,Chrome,Tablet,High,Many,TShirts,Visitor
TS-016,V00296,Chrome,Tablet,Medium,Many,TShirts,Visitor
TS-016,V00297,Chrome,Tablet,Low,Many,TShirts,Visitor
TS-016,V00298,Firefox,Desktop,High,Many,TShirts,Visitor
TS-016,V00299,Firefox,Desktop,Medium,Many,TShirts,Visitor
TS-016,V00300,Firefox,Desktop,Low,Many,TShirts,Visitor
TS-016,V00301,Firefox,Mobile,High,Many,TShirts,Visitor
TS-016,V00302,Firefox,Mobile,Medium,Many,TShirts,Visitor
TS-016,V00303,Firefox,Mobile,Low,Many,TShirts,Visitor
TS-016,V00304,Firefox,Tablet,High,Many,TShirts,Visitor
TS-016,V00305,Firefox,Tablet,Medium,Many,TShirts,Visitor
TS-016,V00306,Firefox,Tablet,Low,Many,TShirts,Visitor
TS-016,V00307,Safari,Desktop,High,Many,TShirts,Visitor
TS-016,V00308,Safari,Desktop,Medium,Many,TShirts,Visitor
TS-016,V00309,Safari,Desktop,Low,Many,TShirts,Visitor
TS-016,V00310,Safari,Mobile,High,Many,TShirts,Visitor
TS-016,V00311,Safari,Mobile,Medium,Many,TShirts,Visitor
TS-016,V00312,Safari,Mobile,Low,Many,TShirts,Visitor
TS-016,V00313,Safari,Tablet,High,Many,TShirts,Visitor
TS-016,V00314,Safari,Tablet,Medium,Many,TShirts,Visitor
TS-016,V00315,Safari,Tablet,Low,Many,TShirts,Visitor
TS-016,V00316,Edge,Desktop,High,Many,TShirts,Visitor
TS-016,V00317,Edge,Desktop,Medium,Many,TShirts,Visitor
TS-016,V00318,Edge,Desktop,Low,Many,TShirts,Visitor
TS-016,V00319,Edge,Mobile,High,Many,TShirts,Visitor
TS-016,V00320,Edge,Mobile,Medium,Many,TShirts,Visitor
TS-016,V00321,Edge,Mobile,Low,Many,TShirts,Visitor
TS-016,V00322,Edge,Tablet,High,Many,TShirts,Visitor
TS-016,V00323,Edge,Tablet,Medium,Many,TShirts,Visitor
TS-016,V00324,Edge,Tablet,Low,Many,TShirts,Visitor
TS-016,V00325,Chrome,Desktop,High,Few,TShirts,Visitor
TS-016,V00326,Chrome,Desktop,Medium,Few,TShirts,Visitor
TS-016,V00327,Chrome,Desktop,Low,Few,TShirts,Visitor
TS-016,V00328,Chrome,Mobile,High,Few,TShirts,Visitor
TS-016,V00329,Chrome,Mobile,Medium,Few,TShirts,Visitor
TS-016,V00330,Chrome,Mobile,Low,Few,TShirts,Visitor
TS-016,V00331,Chrome,Tablet,High,Few,TShirts,Visitor
TS-016,V00332,Chrome,Tablet,Medium,Few,TShirts,Visitor
TS-016,V00333,Chrome,Tablet,Low,Few,TShirts,Visitor
TS-016,V00334,Firefox,Desktop,High,Few,TShirts,Visitor
TS-016,V00335,Firefox,Desktop,Medium,Few,TShirts,Visitor
TS-016,V00336,Firefox,Desktop,Low,Few,TShirts,Visitor
TS-016,V00337,Firefox,Mobile,High,Few,TShirts,Visitor
TS-016,V00338,Firefox,Mobile,Medium,Few,TShirts,Visitor
TS-016,V00339,Firefox,Mobile,Low,Few,TShirts,Visitor
TS-016,V00340,Firefox,Tablet,High,Few,TShirts,Visitor
TS-016,V00341,Firefox,Tablet,Medium,Few,TShirts,Visitor
TS-016,V00342,Firefox,Tablet,Low,Few,TShirts,Visitor
TS-016,V00343,Safari,Desktop,High,Few,TShirts,Visitor
TS-016,V00344,Safari,Desktop,Medium,Few,TShirts,Visitor
TS-016,V00345,Safari,Desktop,Low,Few,TShirts,Visitor
TS-016,V00346,Safari,Mobile,High,Few,TShirts,Visitor
TS-016,V00347,Safari,Mobile,Medium,Few,TShirts,Visitor
TS-016,V00348,Safari,Mobile,Low,Few,TShirts,Visitor
TS-016,V00349,Safari,Tablet,High,Few,TShirts,Visitor
TS-016,V00350,Safari,Tablet,Medium,Few,TShirts,Visitor
TS-016,V00351,Safari,Tablet,Low,Few,TShirts,Visitor
TS-016,V00352,Edge,Desktop,High,Few,TShirts,Visitor
TS-016,V00353,Edge,Desktop,Medium,Few,TShirts,Visitor
TS-016,V00354,Edge,Desktop,Low,Few,TShirts,Visitor
TS-016,V00355,Edge,Mobile,High,Few,TShirts,Visitor
TS-016,V00356,Edge,Mobile,Medium,Few,TShirts,Visitor
TS-016,V00357,Edge,Mobile,Low,Few,TShirts,Visitor
TS-016,V00358,Edge,Tablet,High,Few,TShirts,Visitor
TS-016,V00359,Edge,Tablet,Medium,Few,TShirts,Visitor
TS-016,V00360,Edge,Tablet,Low,Few,TShirts,Visitor
TS-016,V00361,Chrome,Desktop,High,One,TShirts,Visitor
TS-016,V00362,Chrome,Desktop,Medium,One,TShirts,Visitor
TS-016,V00363,Chrome,Desktop,Low,One,TShirts,Visitor
TS-016,V00364,Chrome,Mobile,High,One,TShirts,Visitor
TS-016,V00365,Chrome,Mobile,Medium,One,TShirts,Visitor
TS-016,V00366,Chrome,Mobile,Low,One,TShirts,Visitor
TS-016,V00367,Chrome,Tablet,High,One,TShirts,Visitor
TS-016,V00368,Chrome,Tablet,Medium,One,TShirts,Visitor
TS-016,V00369,Chrome,Tablet,Low,One,TShirts,Visitor
TS-016,V00370,Firefox,Desktop,High,One,TShirts,Visitor
TS-016,V00371,Firefox,Desktop,Medium,One,TShirts,Visitor
TS-016,V00372,Firefox,Desktop,Low,One,TShirts,Visitor
TS-016,V00373,Firefox,Mobile,High,One,TShirts,Visitor
TS-016,V00374,Firefox,Mobile,Medium,One,TShirts,Visitor
TS-016,V00375,Firefox,Mobile,Low,One,TShirts,Visitor
TS-016,V00376,Firefox,Tablet,High,One,TShirts,Visitor
TS-016,V00377,Firefox,Tablet,Medium,One,TShirts,Visitor
TS-016,V00378,Firefox,Tablet,Low,One,TShirts,Visitor
TS-016,V00379,Safari,Desktop,High,One,TShirts,Visitor
TS-016,V00380,Safari,Desktop,Medium,One,TShirts,Visitor
TS-016,V00381,Safari,Desktop,Low,One,TShirts,Visitor
TS-016,V00382,Safari,Mobile,High,One,TShirts,Visitor
TS-016,V00383,Safari,Mobile,Medium,One,TShirts,Visitor
TS-016,V00384,Safari,Mobile,Low,One,TShirts,Visitor
TS-016,V00385,Safari,Tablet,High,One,TShirts,Visitor
TS-016,V00386,Safari,Tablet,Medium,One,TShirts,Visitor
TS-016,V00387,Safari,Tablet,Low,One,TShirts,Visitor
TS-016,V00388,Edge,Desktop,High,One,TShirts,Visitor
TS-016,V00389,Edge,Desktop,Medium,One,TShirts,Visitor
TS-016,V00390,Edge,Desktop,Low,One,TShirts,Visitor
TS-016,V00391,Edge,Mobile,High,One,TShirts,Visitor
TS-016,V00392,Edge,Mobile,Medium,One,TShirts,Visitor
TS-016,V00393,Edge,Mobile,Low,One,TShirts,Visitor
TS-016,V00394,Edge,Tablet,High,One,TShirts,Visitor
TS-016,V00395,Edge,Tablet,Medium,One,TShirts,Visitor
TS-016,V00396,Edge,Tablet,Low,One,TShirts,Visitor
TS-016,V00397,Chrome,Desktop,High,None,TShirts,Visitor
TS-016,V00398,Chrome,Desktop,Medium,None,TShirts,Visitor
TS-016,V00399,Chrome,Desktop,Low,None,TShirts,Visitor
TS-016,V00400,Chrome,Mobile,High,None,TShirts,Visitor
TS-016,V00401,Chrome,Mobile,Medium,None,TShirts,Visitor
TS-016,V00402,Chrome,Mobile,Low,None,TShirts,Visitor
TS-016,V00403,Chrome,Tablet,High,None,TShirts,Visitor
TS-016,V00404,Chrome,Tablet,Medium,None,TShirts,Visitor
TS-016,V00405,Chrome,Tablet,Low,None,TShirts,Visitor
TS-016,V00406,Firefox,Desktop,High,None,TShirts,Visitor
TS-016,V00407,Firefox,Desktop,Medium,None,TShirts,Visitor
TS-016,V00408,Firefox,Desktop,Low,None,TShirts,Visitor
TS-016,V00409,Firefox,Mobile,High,None,TShirts,Visitor
TS-016,V00410,Firefox,Mobile,Medium,None,TShirts,Visitor
TS-016,V00411,Firefox,Mobile,Low,None,TShirts,Visitor
TS-016,V00412,Firefox,Tablet,High,None,TShirts,Visitor
TS-016,V00413,Firefox,Tablet,Medium,None,TShirts,Visitor
TS-016,V00414,Firefox,Tablet,Low,None,TShirts,Visitor
TS-016,V00415,Safari,Desktop,High,None,TShirts,Visitor
TS-016,V00416,Safari,Desktop,Medium,None,TShirts,Visitor
TS-016,V00417,Safari,Desktop,Low,None,TShirts,Visitor
TS-016,V00418,Safari,Mobile,High,None,TShirts,Visitor
TS-016,V00419,Safari,Mobile,Medium,None,TShirts,Visitor
TS-016,V00420,Safari,Mobile,Low,None,TShirts,Visitor
TS-016,V00421,Safari,Tablet,High,None,TShirts,Visitor
TS-016,V00422,Safari,Tablet,Medium,None,TShirts,Visitor
TS-016,V00423,Safari,Tablet,Low,None,TShirts,Visitor
TS-016,V00424,Edge,Desktop,High,None,TShirts,Visitor
TS-016,V00425,Edge,Desktop,Medium,None,TShirts,Visitor
TS-016,V00426,Edge,Desktop,Low,None,TShirts,Visitor
TS-016,V00427,Edge,Mobile,High,None,TShirts,Visitor
TS-016,V00428,Edge,Mobile,Medium,None,TShirts,Visitor
TS-016,V00429,Edge,Mobile,Low,None,TShirts,Visitor
TS-016,V00430,Edge,Tablet,High,None,TShirts,Visitor
TS-016,V00431,Edge,Tablet,Medium,None,TShirts,Visitor
TS-016,V00432,Edge,Tablet,Low,None,TShirts,Visitor
TS-016,V00433,Chrome,Desktop,High,Many,Dresses,Visitor
TS-016,V00434,Chrome,Desktop,Medium,Many,Dresses,Visitor
TS-016,V00435,Chrome,Desktop,Low,Many,Dresses,Visitor
TS-016,V00436,Chrome,Mobile,High,Many,Dresses,Visitor
TS-016,V00437,Chrome,Mobile,Medium,Many,Dresses,Visitor
TS-016,V00438,Chrome,Mobile,Low,Many,Dresses,Visitor
TS-016,V00439,Chrome,Tablet,High,Many,Dresses,Visitor
TS-016,V00440,Chrome,Tablet,Medium,Many,Dresses,Visitor
TS-016,V00441,Chrome,Tablet,Low,Many,Dresses,Visitor
TS-016,V00442,Firefox,Desktop,High,Many,Dresses,Visitor
TS-016,V00443,Firefox,Desktop,Medium,Many,Dresses,Visitor
TS-016,V00444,Firefox,Desktop,Low,Many,Dresses,Visitor
TS-016,V00445,Firefox,Mobile,High,Many,Dresses,Visitor
TS-016,V00446,Firefox,Mobile,Medium,Many,Dresses,Visitor
TS-016,V00447,Firefox,Mobile,Low,Many,Dresses,Visitor
TS-016,V00448,Firefox,Tablet,High,Many,Dresses,Visitor
TS-016,V00449,Firefox,Tablet,Medium,Many,Dresses,Visitor
TS-016,V00450,Firefox,Tablet,Low,Many,Dresses,Visitor
TS-016,V00451,Safari,Desktop,High,Many,Dresses,Visitor
TS-016,V00452,Safari,Desktop,Medium,Many,Dresses,Visitor
TS-016,V00453,Safari,Desktop,Low,Many,Dresses,Visitor
TS-016,V00454,Safari,Mobile,High,Many,Dresses,Visitor
TS-016,V00455,Safari,Mobile,Medium,Many,Dresses,Visitor
TS-016,V00456,Safari,Mobile,Low,Many,Dresses,Visitor
TS-016,V00457,Safari,Tablet,High,Many,Dresses,Visitor
TS-016,V00458,Safari,Tablet,Medium,Many,Dresses,Visitor
TS-016,V00459,Safari,Tablet,Low,Many,Dresses,Visitor
TS-016,V00460,Edge,Desktop,High,Many,Dresses,Visitor
TS-016,V00461,Edge,Desktop,Medium,Many,Dresses,Visitor
TS-016,V00462,Edge,Desktop,Low,Many,Dresses,Visitor
TS-016,V00463,Edge,Mobile,High,Many,Dresses,Visitor
TS-016,V00464,Edge,Mobile,Medium,Many,Dresses,Visitor
TS-016,V00465,Edge,Mobile,Low,Many,Dresses,Visitor
TS-016,V00466,Edge,Tablet,High,Many,Dresses,Visitor
TS-016,V00467,Edge,Tablet,Medium,Many,Dresses,Visitor
TS-016,V00468,Edge,Tablet,Low,Many,Dresses,Visitor
TS-016,V00469,Chrome,Desktop,High,Few,Dresses,Visitor
TS-016,V00470,Chrome,Desktop,Medium,Few,Dresses,Visitor
TS-016,V00471,Chrome,Desktop,Low,Few,Dresses,Visitor
TS-016,V00472,Chrome,Mobile,High,Few,Dresses,Visitor
TS-016,V00473,Chrome,Mobile,Medium,Few,Dresses,Visitor
TS-016,V00474,Chrome,Mobile,Low,Few,Dresses,Visitor
TS-016,V00475,Chrome,Tablet,High,Few,Dresses,Visitor
TS-016,V00476,Chrome,Tablet,Medium,Few,Dresses,Visitor
TS-016,V00477,Chrome,Tablet,Low,Few,Dresses,Visitor
TS-016,V00478,Firefox,Desktop,High,Few,Dresses,Visitor
TS-016,V00479,Firefox,Desktop,Medium,Few,Dresses,Visitor
TS-016,V00480,Firefox,Desktop,Low,Few,Dresses,Visitor
TS-016,V00481,Firefox,Mobile,High,Few,Dresses,Visitor
TS-016,V00482,Firefox,Mobile,Medium,Few,Dresses,Visitor
TS-016,V00483,Firefox,Mobile,Low,Few,Dresses,Visitor
TS-016,V00484,Firefox,Tablet,High,Few,Dresses,Visitor
TS-016,V00485,Firefox,Tablet,Medium,Few,Dresses,Visitor
TS-016,V00486,Firefox,Tablet,Low,Few,Dresses,Visitor
TS-016,V00487,Safari,Desktop,High,Few,Dresses,Visitor
TS-016,V00488,Safari,Desktop,Medium,Few,Dresses,Visitor
TS-016,V00489,Safari,Desktop,Low,Few,Dresses,Visitor
TS-016,V00490,Safari,Mobile,High,Few,Dresses,Visitor
TS-016,V00491,Safari,Mobile,Medium,Few,Dresses,Visitor
TS-016,V00492,Safari,Mobile,Low,Few,Dresses,Visitor
TS-016,V00493,Safari,Tablet,High,Few,Dresses,Visitor
TS-016,V00494,Safari,Tablet,Medium,Few,Dresses,Visitor
TS-016,V00495,Safari,Tablet,Low,Few,Dresses,Visitor
TS-016,V00496,Edge,Desktop,High,Few,Dresses,Visitor
TS-016,V00497,Edge,Desktop,Medium,Few,Dresses,Visitor
TS-016,V00498,Edge,Desktop,Low,Few,Dresses,Visitor
TS-016,V00499,Edge,Mobile,High,Few,Dresses,Visitor
TS-016,V00500,Edge,Mobile,Medium,Few,Dresses,Visitor
TS-016,V00501,Edge,Mobile,Low,Few,Dresses,Visitor
TS-016,V00502,Edge,Tablet,High,Few,Dresses,Visitor
TS-016,V00503,Edge,Tablet,Medium,Few,Dresses,Visitor
TS-016,V00504,Edge,Tablet,Low,Few,Dresses,Visitor
TS-016,V00505,Chrome,Desktop,High,One,Dresses,Visitor
TS-016,V00506,Chrome,Desktop,Medium,One,Dresses,Visitor
TS-016,V00507,Chrome,Desktop,Low,One,Dresses,Visitor
TS-016,V00508,Chrome,Mobile,High,One,Dresses,Visitor
TS-016,V00509,Chrome,Mobile,Medium,One,Dresses,Visitor
TS-016,V00510,Chrome,Mobile,Low,One,Dresses,Visitor
TS-016,V00511,Chrome,Tablet,High,One,Dresses,Visitor
TS-016,V00512,Chrome,Tablet,Medium,One,Dresses,Visitor
TS-016,V00513,Chrome,Tablet,Low,One,Dresses,Visitor
TS-016,V00514,Firefox,Desktop,High,One,Dresses,Visitor
TS-016,V00515,Firefox,Desktop,Medium,One,Dresses,Visitor
TS-016,V00516,Firefox,Desktop,Low,One,Dresses,Visitor
TS-016,V00517,Firefox,Mobile,High,One,Dresses,Visitor
TS-016,V00518,Firefox,Mobile,Medium,One,Dresses,Visitor
TS-016,V00519,Firefox,Mobile,Low,One,Dresses,Visitor
TS-016,V00520,Firefox,Tablet,High,One,Dresses,Visitor
TS-016,V00521,Firefox,Tablet,Medium,One,Dresses,Visitor
TS-016,V00522,Firefox,Tablet,Low,One,Dresses,Visitor
TS-016,V00523,Safari,Desktop,High,One,Dresses,Visitor
TS-016,V00524,Safari,Desktop,Medium,One,Dresses,Visitor
TS-016,V00525,Safari,Desktop,Low,One,Dresses,Visitor
TS-016,V00526,Safari,Mobile,High,One,Dresses,Visitor
TS-016,V00527,Safari,Mobile,Medium,One,Dresses,Visitor
TS-016,V00528,Safari,Mobile,Low,One,Dresses,Visitor
TS-016,V00529,Safari,Tablet,High,One,Dresses,Visitor
TS-016,V00530,Safari,Tablet,Medium,One,Dresses,Visitor
TS-016,V00531,Safari,Tablet,Low,One,Dresses,Visitor
TS-016,V00532,Edge,Desktop,High,One,Dresses,Visitor
TS-016,V00533,Edge,Desktop,Medium,One,Dresses,Visitor
TS-016,V00534,Edge,Desktop,Low,One,Dresses,Visitor
TS-016,V00535,Edge,Mobile,High,One,Dresses,Visitor
TS-016,V00536,Edge,Mobile,Medium,One,Dresses,Visitor
TS-016,V00537,Edge,Mobile,Low,One,Dresses,Visitor
TS-016,V00538,Edge,Tablet,High,One,Dresses,Visitor
TS-016,V00539,Edge,Tablet,Medium,One,Dresses,Visitor
TS-016,V00540,Edge,Tablet,Low,One,Dresses,Visitor
TS-016,V00541,Chrome,Desktop,High,None,Dresses,Visitor
TS-016,V00542,Chrome,Desktop,Medium,None,Dresses,Visitor
TS-016,V00543,Chrome,Desktop,Low,None,Dresses,Visitor
TS-016,V00544,Chrome,Mobile,High,None,Dresses,Visitor
TS-016,V00545,Chrome,Mobile,Medium,None,Dresses,Visitor
TS-016,V00546,Chrome,Mobile,Low,None,Dresses,Visitor
TS-016,V00547,Chrome,Tablet,High,None,Dresses,Visitor
TS-016,V00548,Chrome,Tablet,Medium,None,Dresses,Visitor
TS-016,V00549,Chrome,Tablet,Low,None,Dresses,Visitor
TS-016,V00550,Firefox,Desktop,High,None,Dresses,Visitor
TS-016,V00551,Firefox,Desktop,Medium,None,Dresses,Visitor
TS-016,V00552,Firefox,Desktop,Low,None,Dresses,Visitor
TS-016,V00553,Firefox,Mobile,High,None,Dresses,Visitor
TS-016,V00554,Firefox,Mobile,Medium,None,Dresses,Visitor
TS-016,V00555,Firefox,Mobile,Low,None,Dresses,Visitor
TS-016,V00556,Firefox,Tablet,High,None,Dresses,Visitor
TS-016,V00557,Firefox,Tablet,Medium,None,Dresses,Visitor
TS-016,V00558,Firefox,Tablet,Low,None,Dresses,Visitor
TS-016,V00559,Safari,Desktop,High,None,Dresses,Visitor
TS-016,V00560,Safari,Desktop,Medium,None,Dresses,Visitor
TS-016,V00561,Safari,Desktop,Low,None,Dresses,Visitor
TS-016,V00562,Safari,Mobile,High,None,Dresses,Visitor
TS-016,V00563,Safari,Mobile,Medium,None,Dresses,Visitor
TS-016,V00564,Safari,Mobile,Low,None,Dresses,Visitor
TS-016,V00565,Safari,Tablet,High,None,Dresses,Visitor
TS-016,V00566,Safari,Tablet,Medium,None,Dresses,Visitor
TS-016,V00567,Safari,Tablet,Low,None,Dresses,Visitor
TS-016,V00568,Edge,Desktop,High,None,Dresses,Visitor
TS-016,V00569,Edge,Desktop,Medium,None,Dresses,Visitor
TS-016,V00570,Edge,Desktop,Low,None,Dresses,Visitor
TS-016,V00571,Edge,Mobile,High,None,Dresses,Visitor
TS-016,V00572,Edge,Mobile,Medium,None,Dresses,Visitor
TS-016,V00573,Edge,Mobile,Low,None,Dresses,Visitor
TS-016,V00574,Edge,Tablet,High,None,Dresses,Visitor
TS-016,V00575,Edge,Tablet,Medium,None,Dresses,Visitor
TS-016,V00576,Edge,Tablet,Low,None,Dresses,Visitor
TS-016,V00577,Chrome,Desktop,High,Many,Accessories,Visitor
TS-016,V00578,Chrome,Desktop,Medium,Many,Accessories,Visitor
TS-016,V00579,Chrome,Desktop,Low,Many,Accessories,Visitor
TS-016,V00580,Chrome,Mobile,High,Many,Accessories,Visitor
TS-016,V00581,Chrome,Mobile,Medium,Many,Accessories,Visitor
TS-016,V00582,Chrome,Mobile,Low,Many,Accessories,Visitor
TS-016,V00583,Chrome,Tablet,High,Many,Accessories,Visitor
TS-016,V00584,Chrome,Tablet,Medium,Many,Accessories,Visitor
TS-016,V00585,Chrome,Tablet,Low,Many,Accessories,Visitor
TS-016,V00586,Firefox,Desktop,High,Many,Accessories,Visitor
TS-016,V00587,Firefox,Desktop,Medium,Many,Accessories,Visitor
TS-016,V00588,Firefox,Desktop,Low,Many,Accessories,Visitor
TS-016,V00589,Firefox,Mobile,High,Many,Accessories,Visitor
TS-016,V00590,Firefox,Mobile,Medium,Many,Accessories,Visitor
TS-016,V00591,Firefox,Mobile,Low,Many,Accessories,Visitor
TS-016,V00592,Firefox,Tablet,High,Many,Accessories,Visitor
TS-016,V00593,Firefox,Tablet,Medium,Many,Accessories,Visitor
TS-016,V00594,Firefox,Tablet,Low,Many,Accessories,Visitor
TS-016,V00595,Safari,Desktop,High,Many,Accessories,Visitor
TS-016,V00596,Safari,Desktop,Medium,Many,Accessories,Visitor
TS-016,V00597,Safari,Desktop,Low,Many,Accessories,Visitor
TS-016,V00598,Safari,Mobile,High,Many,Accessories,Visitor
TS-016,V00599,Safari,Mobile,Medium,Many,Accessories,Visitor
TS-016,V00600,Safari,Mobile,Low,Many,Accessories,Visitor
TS-016,V00601,Safari,Tablet,High,Many,Accessories,Visitor
TS-016,V00602,Safari,Tablet,Medium,Many,Accessories,Visitor
TS-016,V00603,Safari,Tablet,Low,Many,Accessories,Visitor
TS-016,V00604,Edge,Desktop,High,Many,Accessories,Visitor
TS-016,V00605,Edge,Desktop,Medium,Many,Accessories,Visitor
TS-016,V00606,Edge,Desktop,Low,Many,Accessories,Visitor
TS-016,V00607,Edge,Mobile,High,Many,Accessories,Visitor
TS-016,V00608,Edge,Mobile,Medium,Many,Accessories,Visitor
TS-016,V00609,Edge,Mobile,Low,Many,Accessories,Visitor
TS-016,V00610,Edge,Tablet,High,Many,Accessories,Visitor
TS-016,V00611,Edge,Tablet,Medium,Many,Accessories,Visitor
TS-016,V00612,Edge,Tablet,Low,Many,Accessories,Visitor
TS-016,V00613,Chrome,Desktop,High,Few,Accessories,Visitor
TS-016,V00614,Chrome,Desktop,Medium,Few,Accessories,Visitor
TS-016,V00615,Chrome,Desktop,Low,Few,Accessories,Visitor
TS-016,V00616,Chrome,Mobile,High,Few,Accessories,Visitor
TS-016,V00617,Chrome,Mobile,Medium,Few,Accessories,Visitor
TS-016,V00618,Chrome,Mobile,Low,Few,Accessories,Visitor
TS-016,V00619,Chrome,Tablet,High,Few,Accessories,Visitor
TS-016,V00620,Chrome,Tablet,Medium,Few,Accessories,Visitor
TS-016,V00621,Chrome,Tablet,Low,Few,Accessories,Visitor
TS-016,V00622,Firefox,Desktop,High,Few,Accessories,Visitor
TS-016,V00623,Firefox,Desktop,Medium,Few,Accessories,Visitor
TS-016,V00624,Firefox,Desktop,Low,Few,Accessories,Visitor
TS-016,V00625,Firefox,Mobile,High,Few,Accessories,Visitor
TS-016,V00626,Firefox,Mobile,Medium,Few,Accessories,Visitor
TS-016,V00627,Firefox,Mobile,Low,Few,Accessories,Visitor
TS-016,V00628,Firefox,Tablet,High,Few,Accessories,Visitor
TS-016,V00629,Firefox,Tablet,Medium,Few,Accessories,Visitor
TS-016,V00630,Firefox,Tablet,Low,Few,Accessories,Visitor
TS-016,V00631,Safari,Desktop,High,Few,Accessories,Visitor
TS-016,V00632,Safari,Desktop,Medium,Few,Accessories,Visitor
TS-016,V00633,Safari,Desktop,Low,Few,Accessories,Visitor
TS-016,V00634,Safari,Mobile,High,Few,Accessories,Visitor
TS-016,V00635,Safari,Mobile,Medium,Few,Accessories,Visitor
TS-016,V00636,Safari,Mobile,Low,Few,Accessories,Visitor
TS-016,V00637,Safari,Tablet,High,Few,Accessories,Visitor
TS-016,V00638,Safari,Tablet,Medium,Few,Accessories,Visitor
TS-016,V00639,Safari,Tablet,Low,Few,Accessories,Visitor
TS-016,V00640,Edge,Desktop,High,Few,Accessories,Visitor
TS-016,V00641,Edge,Desktop,Medium,Few,Accessories,Visitor
TS-016,V00642,Edge,Desktop,Low,Few,Accessories,Visitor
TS-016,V00643,Edge,Mobile,High,Few,Accessories,Visitor
TS-016,V00644,Edge,Mobile,Medium,Few,Accessories,Visitor
TS-016,V00645,Edge,Mobile,Low,Few,Accessories,Visitor
TS-016,V00646,Edge,Tablet,High,Few,Accessories,Visitor
TS-016,V00647,Edge,Tablet,Medium,Few,Accessories,Visitor
TS-016,V00648,Edge,Tablet,Low,Few,Accessories,Visitor
TS-016,V00649,Chrome,Desktop,High,One,Accessories,Visitor
TS-016,V00650,Chrome,Desktop,Medium,One,Accessories,Visitor
TS-016,V00651,Chrome,Desktop,Low,One,Accessories,Visitor
TS-016,V00652,Chrome,Mobile,High,One,Accessories,Visitor
TS-016,V00653,Chrome,Mobile,Medium,One,Accessories,Visitor
TS-016,V00654,Chrome,Mobile,Low,One,Accessories,Visitor
TS-016,V00655,Chrome,Tablet,High,One,Accessories,Visitor
TS-016,V00656,Chrome,Tablet,Medium,One,Accessories,Visitor
TS-016,V00657,Chrome,Tablet,Low,One,Accessories,Visitor
TS-016,V00658,Firefox,Desktop,High,One,Accessories,Visitor
TS-016,V00659,Firefox,Desktop,Medium,One,Accessories,Visitor
TS-016,V00660,Firefox,Desktop,Low,One,Accessories,Visitor
TS-016,V00661,Firefox,Mobile,High,One,Accessories,Visitor
TS-016,V00662,Firefox,Mobile,Medium,One,Accessories,Visitor
TS-016,V00663,Firefox,Mobile,Low,One,Accessories,Visitor
TS-016,V00664,Firefox,Tablet,High,One,Accessories,Visitor
TS-016,V00665,Firefox,Tablet,Medium,One,Accessories,Visitor
TS-016,V00666,Firefox,Tablet,Low,One,Accessories,Visitor
TS-016,V00667,Safari,Desktop,High,One,Accessories,Visitor
TS-016,V00668,Safari,Desktop,Medium,One,Accessories,Visitor
TS-016,V00669,Safari,Desktop,Low,One,Accessories,Visitor
TS-016,V00670,Safari,Mobile,High,One,Accessories,Visitor
TS-016,V00671,Safari,Mobile,Medium,One,Accessories,Visitor
TS-016,V00672,Safari,Mobile,Low,One,Accessories,Visitor
TS-016,V00673,Safari,Tablet,High,One,Accessories,Visitor
TS-016,V00674,Safari,Tablet,Medium,One,Accessories,Visitor
TS-016,V00675,Safari,Tablet,Low,One,Accessories,Visitor
TS-016,V00676,Edge,Desktop,High,One,Accessories,Visitor
TS-016,V00677,Edge,Desktop,Medium,One,Accessories,Visitor
TS-016,V00678,Edge,Desktop,Low,One,Accessories,Visitor
TS-016,V00679,Edge,Mobile,High,One,Accessories,Visitor
TS-016,V00680,Edge,Mobile,Medium,One,Accessories,Visitor
TS-016,V00681,Edge,Mobile,Low,One,Accessories,Visitor
TS-016,V00682,Edge,Tablet,High,One,Accessories,Visitor
TS-016,V00683,Edge,Tablet,Medium,One,Accessories,Visitor
TS-016,V00684,Edge,Tablet,Low,One,Accessories,Visitor
TS-016,V00685,Chrome,Desktop,High,None,Accessories,Visitor
TS-016,V00686,Chrome,Desktop,Medium,None,Accessories,Visitor
TS-016,V00687,Chrome,Desktop,Low,None,Accessories,Visitor
TS-016,V00688,Chrome,Mobile,High,None,Accessories,Visitor
TS-016,V00689,Chrome,Mobile,Medium,None,Accessories,Visitor
TS-016,V00690,Chrome,Mobile,Low,None,Accessories,Visitor
TS-016,V00691,Chrome,Tablet,High,None,Accessories,Visitor
TS-016,V00692,Chrome,Tablet,Medium,None,Accessories,Visitor
TS-016,V00693,Chrome,Tablet,Low,None,Accessories,Visitor
TS-016,V00694,Firefox,Desktop,High,None,Accessories,Visitor
TS-016,V00695,Firefox,Desktop,Medium,None,Accessories,Visitor
TS-016,V00696,Firefox,Desktop,Low,None,Accessories,Visitor
TS-016,V00697,Firefox,Mobile,High,None,Accessories,Visitor
TS-016,V00698,Firefox,Mobile,Medium,None,Accessories,Visitor
TS-016,V00699,Firefox,Mobile,Low,None,Accessories,Visitor
TS-016,V00700,Firefox,Tablet,High,None,Accessories,Visitor
TS-016,V00701,Firefox,Tablet,Medium,None,Accessories,Visitor
TS-016,V00702,Firefox,Tablet,Low,None,Accessories,Visitor
TS-016,V00703,Safari,Desktop,High,None,Accessories,Visitor
TS-016,V00704,Safari,Desktop,Medium,None,Accessories,Visitor
TS-016,V00705,Safari,Desktop,Low,None,Accessories,Visitor
TS-016,V00706,Safari,Mobile,High,None,Accessories,Visitor
TS-016,V00707,Safari,Mobile,Medium,None,Accessories,Visitor
TS-016,V00708,Safari,Mobile,Low,None,Accessories,Visitor
TS-016,V00709,Safari,Tablet,High,None,Accessories,Visitor
TS-016,V00710,Safari,Tablet,Medium,None,Accessories,Visitor
TS-016,V00711,Safari,Tablet,Low,None,Accessories,Visitor
TS-016,V00712,Edge,Desktop,High,None,Accessories,Visitor
TS-016,V00713,Edge,Desktop,Medium,None,Accessories,Visitor
TS-016,V00714,Edge,Desktop,Low,None,Accessories,Visitor
TS-016,V00715,Edge,Mobile,High,None,Accessories,Visitor
TS-016,V00716,Edge,Mobile,Medium,None,Accessories,Visitor
TS-016,V00717,Edge,Mobile,Low,None,Accessories,Visitor
TS-016,V00718,Edge,Tablet,High,None,Accessories,Visitor
TS-016,V00719,Edge,Tablet,Medium,None,Accessories,Visitor
TS-016,V00720,Edge,Tablet,Low,None,Accessories,Visitor
TS-016,V00721,Chrome,Desktop,High,Many,Shirts,Buyer
TS-016,V00722,Chrome,Desktop,Medium,Many,Shirts,Buyer
TS-016,V00723,Chrome,Desktop,Low,Many,Shirts,Buyer
TS-016,V00724,Chrome,Mobile,High,Many,Shirts,Buyer
TS-016,V00725,Chrome,Mobile,Medium,Many,Shirts,Buyer
TS-016,V00726,Chrome,Mobile,Low,Many,Shirts,Buyer
TS-016,V00727,Chrome,Tablet,High,Many,Shirts,Buyer
TS-016,V00728,Chrome,Tablet,Medium,Many,Shirts,Buyer
TS-016,V00729,Chrome,Tablet,Low,Many,Shirts,Buyer
TS-016,V00730,Firefox,Desktop,High,Many,Shirts,Buyer
TS-016,V00731,Firefox,Desktop,Medium,Many,Shirts,Buyer
TS-016,V00732,Firefox,Desktop,Low,Many,Shirts,Buyer
TS-016,V00733,Firefox,Mobile,High,Many,Shirts,Buyer
TS-016,V00734,Firefox,Mobile,Medium,Many,Shirts,Buyer
TS-016,V00735,Firefox,Mobile,Low,Many,Shirts,Buyer
TS-016,V00736,Firefox,Tablet,High,Many,Shirts,Buyer
TS-016,V00737,Firefox,Tablet,Medium,Many,Shirts,Buyer
TS-016,V00738,Firefox,Tablet,Low,Many,Shirts,Buyer
TS-016,V00739,Safari,Desktop,High,Many,Shirts,Buyer
TS-016,V00740,Safari,Desktop,Medium,Many,Shirts,Buyer
TS-016,V00741,Safari,Desktop,Low,Many,Shirts,Buyer
TS-016,V00742,Safari,Mobile,High,Many,Shirts,Buyer
TS-016,V00743,Safari,Mobile,Medium,Many,Shirts,Buyer
TS-016,V00744,Safari,Mobile,Low,Many,Shirts,Buyer
TS-016,V00745,Safari,Tablet,High,Many,Shirts,Buyer
TS-016,V00746,Safari,Tablet,Medium,Many,Shirts,Buyer
TS-016,V00747,Safari,Tablet,Low,Many,Shirts,Buyer
TS-016,V00748,Edge,Desktop,High,Many,Shirts,Buyer
TS-016,V00749,Edge,Desktop,Medium,Many,Shirts,Buyer
TS-016,V00750,Edge,Desktop,Low,Many,Shirts,Buyer
TS-016,V00751,Edge,Mobile,High,Many,Shirts,Buyer
TS-016,V00752,Edge,Mobile,Medium,Many,Shirts,Buyer
TS-016,V00753,Edge,Mobile,Low,Many,Shirts,Buyer
TS-016,V00754,Edge,Tablet,High,Many,Shirts,Buyer
TS-016,V00755,Edge,Tablet,Medium,Many,Shirts,Buyer
TS-016,V00756,Edge,Tablet,Low,Many,Shirts,Buyer
TS-016,V00757,Chrome,Desktop,High,Few,Shirts,Buyer
TS-016,V00758,Chrome,Desktop,Medium,Few,Shirts,Buyer
TS-016,V00759,Chrome,Desktop,Low,Few,Shirts,Buyer
TS-016,V00760,Chrome,Mobile,High,Few,Shirts,Buyer
TS-016,V00761,Chrome,Mobile,Medium,Few,Shirts,Buyer
TS-016,V00762,Chrome,Mobile,Low,Few,Shirts,Buyer
TS-016,V00763,Chrome,Tablet,High,Few,Shirts,Buyer
TS-016,V00764,Chrome,Tablet,Medium,Few,Shirts,Buyer
TS-016,V00765,Chrome,Tablet,Low,Few,Shirts,Buyer
TS-016,V00766,Firefox,Desktop,High,Few,Shirts,Buyer
TS-016,V00767,Firefox,Desktop,Medium,Few,Shirts,Buyer
TS-016,V00768,Firefox,Desktop,Low,Few,Shirts,Buyer
TS-016,V00769,Firefox,Mobile,High,Few,Shirts,Buyer
TS-016,V00770,Firefox,Mobile,Medium,Few,Shirts,Buyer
TS-016,V00771,Firefox,Mobile,Low,Few,Shirts,Buyer
TS-016,V00772,Firefox,Tablet,High,Few,Shirts,Buyer
TS-016,V00773,Firefox,Tablet,Medium,Few,Shirts,Buyer
TS-016,V00774,Firefox,Tablet,Low,Few,Shirts,Buyer
TS-016,V00775,Safari,Desktop,High,Few,Shirts,Buyer
TS-016,V00776,Safari,Desktop,Medium,Few,Shirts,Buyer
TS-016,V00777,Safari,Desktop,Low,Few,Shirts,Buyer
TS-016,V00778,Safari,Mobile,High,Few,Shirts,Buyer
TS-016,V00779,Safari,Mobile,Medium,Few,Shirts,Buyer
TS-016,V00780,Safari,Mobile,Low,Few,Shirts,Buyer
TS-016,V00781,Safari,Tablet,High,Few,Shirts,Buyer
TS-016,V00782,Safari,Tablet,Medium,Few,Shirts,Buyer
TS-016,V00783,Safari,Tablet,Low,Few,Shirts,Buyer
TS-016,V00784,Edge,Desktop,High,Few,Shirts,Buyer
TS-016,V00785,Edge,Desktop,Medium,Few,Shirts,Buyer
TS-016,V00786,Edge,Desktop,Low,Few,Shirts,Buyer
TS-016,V00787,Edge,Mobile,High,Few,Shirts,Buyer
TS-016,V00788,Edge,Mobile,Medium,Few,Shirts,Buyer
TS-016,V00789,Edge,Mobile,Low,Few,Shirts,Buyer
TS-016,V00790,Edge,Tablet,High,Few,Shirts,Buyer
TS-016,V00791,Edge,Tablet,Medium,Few,Shirts,Buyer
TS-016,V00792,Edge,Tablet,Low,Few,Shirts,Buyer
TS-016,V00793,Chrome,Desktop,High,One,Shirts,Buyer
TS-016,V00794,Chrome,Desktop,Medium,One,Shirts,Buyer
TS-016,V00795,Chrome,Desktop,Low,One,Shirts,Buyer
TS-016,V00796,Chrome,Mobile,High,One,Shirts,Buyer
TS-016,V00797,Chrome,Mobile,Medium,One,Shirts,Buyer
TS-016,V00798,Chrome,Mobile,Low,One,Shirts,Buyer
TS-016,V00799,Chrome,Tablet,High,One,Shirts,Buyer
TS-016,V00800,Chrome,Tablet,Medium,One,Shirts,Buyer
TS-016,V00801,Chrome,Tablet,Low,One,Shirts,Buyer
TS-016,V00802,Firefox,Desktop,High,One,Shirts,Buyer
TS-016,V00803,Firefox,Desktop,Medium,One,Shirts,Buyer
TS-016,V00804,Firefox,Desktop,Low,One,Shirts,Buyer
TS-016,V00805,Firefox,Mobile,High,One,Shirts,Buyer
TS-016,V00806,Firefox,Mobile,Medium,One,Shirts,Buyer
TS-016,V00807,Firefox,Mobile,Low,One,Shirts,Buyer
TS-016,V00808,Firefox,Tablet,High,One,Shirts,Buyer
TS-016,V00809,Firefox,Tablet,Medium,One,Shirts,Buyer
TS-016,V00810,Firefox,Tablet,Low,One,Shirts,Buyer
TS-016,V00811,Safari,Desktop,High,One,Shirts,Buyer
TS-016,V00812,Safari,Desktop,Medium,One,Shirts,Buyer
TS-016,V00813,Safari,Desktop,Low,One,Shirts,Buyer
TS-016,V00814,Safari,Mobile,High,One,Shirts,Buyer
TS-016,V00815,Safari,Mobile,Medium,One,Shirts,Buyer
TS-016,V00816,Safari,Mobile,Low,One,Shirts,Buyer
TS-016,V00817,Safari,Tablet,High,One,Shirts,Buyer
TS-016,V00818,Safari,Tablet,Medium,One,Shirts,Buyer
TS-016,V00819,Safari,Tablet,Low,One,Shirts,Buyer
TS-016,V00820,Edge,Desktop,High,One,Shirts,Buyer
TS-016,V00821,Edge,Desktop,Medium,One,Shirts,Buyer
TS-016,V00822,Edge,Desktop,Low,One,Shirts,Buyer
TS-016,V00823,Edge,Mobile,High,One,Shirts,Buyer
TS-016,V00824,Edge,Mobile,Medium,One,Shirts,Buyer
TS-016,V00825,Edge,Mobile,Low,One,Shirts,Buyer
TS-016,V00826,Edge,Tablet,High,One,Shirts,Buyer
TS-016,V00827,Edge,Tablet,Medium,One,Shirts,Buyer
TS-016,V00828,Edge,Tablet,Low,One,Shirts,Buyer
TS-016,V00829,Chrome,Desktop,High,None,Shirts,Buyer
TS-016,V00830,Chrome,Desktop,Medium,None,Shirts,Buyer
TS-016,V00831,Chrome,Desktop,Low,None,Shirts,Buyer
TS-016,V00832,Chrome,Mobile,High,None,Shirts,Buyer
TS-016,V00833,Chrome,Mobile,Medium,None,Shirts,Buyer
TS-016,V00834,Chrome,Mobile,Low,None,Shirts,Buyer
TS-016,V00835,Chrome,Tablet,High,None,Shirts,Buyer
TS-016,V00836,Chrome,Tablet,Medium,None,Shirts,Buyer
TS-016,V00837,Chrome,Tablet,Low,None,Shirts,Buyer
TS-016,V00838,Firefox,Desktop,High,None,Shirts,Buyer
TS-016,V00839,Firefox,Desktop,Medium,None,Shirts,Buyer
TS-016,V00840,Firefox,Desktop,Low,None,Shirts,Buyer
TS-016,V00841,Firefox,Mobile,High,None,Shirts,Buyer
TS-016,V00842,Firefox,Mobile,Medium,None,Shirts,Buyer
TS-016,V00843,Firefox,Mobile,Low,None,Shirts,Buyer
TS-016,V00844,Firefox,Tablet,High,None,Shirts,Buyer
TS-016,V00845,Firefox,Tablet,Medium,None,Shirts,Buyer
TS-016,V00846,Firefox,Tablet,Low,None,Shirts,Buyer
TS-016,V00847,Safari,Desktop,High,None,Shirts,Buyer
TS-016,V00848,Safari,Desktop,Medium,None,Shirts,Buyer
TS-016,V00849,Safari,Desktop,Low,None,Shirts,Buyer
TS-016,V00850,Safari,Mobile,High,None,Shirts,Buyer
TS-016,V00851,Safari,Mobile,Medium,None,Shirts,Buyer
TS-016,V00852,Safari,Mobile,Low,None,Shirts,Buyer
TS-016,V00853,Safari,Tablet,High,None,Shirts,Buyer
TS-016,V00854,Safari,Tablet,Medium,None,Shirts,Buyer
TS-016,V00855,Safari,Tablet,Low,None,Shirts,Buyer
TS-016,V00856,Edge,Desktop,High,None,Shirts,Buyer
TS-016,V00857,Edge,Desktop,Medium,None,Shirts,Buyer
TS-016,V00858,Edge,Desktop,Low,None,Shirts,Buyer
TS-016,V00859,Edge,Mobile,High,None,Shirts,Buyer
TS-016,V00860,Edge,Mobile,Medium,None,Shirts,Buyer
TS-016,V00861,Edge,Mobile,Low,None,Shirts,Buyer
TS-016,V00862,Edge,Tablet,High,None,Shirts,Buyer
TS-016,V00863,Edge,Tablet,Medium,None,Shirts,Buyer
TS-016,V00864,Edge,Tablet,Low,None,Shirts,Buyer
TS-016,V00865,Chrome,Desktop,High,Many,Jeans,Buyer
TS-016,V00866,Chrome,Desktop,Medium,Many,Jeans,Buyer
TS-016,V00867,Chrome,Desktop,Low,Many,Jeans,Buyer
TS-016,V00868,Chrome,Mobile,High,Many,Jeans,Buyer
TS-016,V00869,Chrome,Mobile,Medium,Many,Jeans,Buyer
TS-016,V00870,Chrome,Mobile,Low,Many,Jeans,Buyer
TS-016,V00871,Chrome,Tablet,High,Many,Jeans,Buyer
TS-016,V00872,Chrome,Tablet,Medium,Many,Jeans,Buyer
TS-016,V00873,Chrome,Tablet,Low,Many,Jeans,Buyer
TS-016,V00874,Firefox,Desktop,High,Many,Jeans,Buyer
TS-016,V00875,Firefox,Desktop,Medium,Many,Jeans,Buyer
TS-016,V00876,Firefox,Desktop,Low,Many,Jeans,Buyer
TS-016,V00877,Firefox,Mobile,High,Many,Jeans,Buyer
TS-016,V00878,Firefox,Mobile,Medium,Many,Jeans,Buyer
TS-016,V00879,Firefox,Mobile,Low,Many,Jeans,Buyer
TS-016,V00880,Firefox,Tablet,High,Many,Jeans,Buyer
TS-016,V00881,Firefox,Tablet,Medium,Many,Jeans,Buyer
TS-016,V00882,Firefox,Tablet,Low,Many,Jeans,Buyer
TS-016,V00883,Safari,Desktop,High,Many,Jeans,Buyer
TS-016,V00884,Safari,Desktop,Medium,Many,Jeans,Buyer
TS-016,V00885,Safari,Desktop,Low,Many,Jeans,Buyer
TS-016,V00886,Safari,Mobile,High,Many,Jeans,Buyer
TS-016,V00887,Safari,Mobile,Medium,Many,Jeans,Buyer
TS-016,V00888,Safari,Mobile,Low,Many,Jeans,Buyer
TS-016,V00889,Safari,Tablet,High,Many,Jeans,Buyer
TS-016,V00890,Safari,Tablet,Medium,Many,Jeans,Buyer
TS-016,V00891,Safari,Tablet,Low,Many,Jeans,Buyer
TS-016,V00892,Edge,Desktop,High,Many,Jeans,Buyer
TS-016,V00893,Edge,Desktop,Medium,Many,Jeans,Buyer
TS-016,V00894,Edge,Desktop,Low,Many,Jeans,Buyer
TS-016,V00895,Edge,Mobile,High,Many,Jeans,Buyer
TS-016,V00896,Edge,Mobile,Medium,Many,Jeans,Buyer
TS-016,V00897,Edge,Mobile,Low,Many,Jeans,Buyer
TS-016,V00898,Edge,Tablet,High,Many,Jeans,Buyer
TS-016,V00899,Edge,Tablet,Medium,Many,Jeans,Buyer
TS-016,V00900,Edge,Tablet,Low,Many,Jeans,Buyer
TS-016,V00901,Chrome,Desktop,High,Few,Jeans,Buyer
TS-016,V00902,Chrome,Desktop,Medium,Few,Jeans,Buyer
TS-016,V00903,Chrome,Desktop,Low,Few,Jeans,Buyer
TS-016,V00904,Chrome,Mobile,High,Few,Jeans,Buyer
TS-016,V00905,Chrome,Mobile,Medium,Few,Jeans,Buyer
TS-016,V00906,Chrome,Mobile,Low,Few,Jeans,Buyer
TS-016,V00907,Chrome,Tablet,High,Few,Jeans,Buyer
TS-016,V00908,Chrome,Tablet,Medium,Few,Jeans,Buyer
TS-016,V00909,Chrome,Tablet,Low,Few,Jeans,Buyer
TS-016,V00910,Firefox,Desktop,High,Few,Jeans,Buyer
TS-016,V00911,Firefox,Desktop,Medium,Few,Jeans,Buyer
TS-016,V00912,Firefox,Desktop,Low,Few,Jeans,Buyer
TS-016,V00913,Firefox,Mobile,High,Few,Jeans,Buyer
TS-016,V00914,Firefox,Mobile,Medium,Few,Jeans,Buyer
TS-016,V00915,Firefox,Mobile,Low,Few,Jeans,Buyer
TS-016,V00916,Firefox,Tablet,High,Few,Jeans,Buyer
TS-016,V00917,Firefox,Tablet,Medium,Few,Jeans,Buyer
TS-016,V00918,Firefox,Tablet,Low,Few,Jeans,Buyer
TS-016,V00919,Safari,Desktop,High,Few,Jeans,Buyer
TS-016,V00920,Safari,Desktop,Medium,Few,Jeans,Buyer
TS-016,V00921,Safari,Desktop,Low,Few,Jeans,Buyer
TS-016,V00922,Safari,Mobile,High,Few,Jeans,Buyer
TS-016,V00923,Safari,Mobile,Medium,Few,Jeans,Buyer
TS-016,V00924,Safari,Mobile,Low,Few,Jeans,Buyer
TS-016,V00925,Safari,Tablet,High,Few,Jeans,Buyer
TS-016,V00926,Safari,Tablet,Medium,Few,Jeans,Buyer
TS-016,V00927,Safari,Tablet,Low,Few,Jeans,Buyer
TS-016,V00928,Edge,Desktop,High,Few,Jeans,Buyer
TS-016,V00929,Edge,Desktop,Medium,Few,Jeans,Buyer
TS-016,V00930,Edge,Desktop,Low,Few,Jeans,Buyer
TS-016,V00931,Edge,Mobile,High,Few,Jeans,Buyer
TS-016,V00932,Edge,Mobile,Medium,Few,Jeans,Buyer
TS-016,V00933,Edge,Mobile,Low,Few,Jeans,Buyer
TS-016,V00934,Edge,Tablet,High,Few,Jeans,Buyer
TS-016,V00935,Edge,Tablet,Medium,Few,Jeans,Buyer
TS-016,V00936,Edge,Tablet,Low,Few,Jeans,Buyer
TS-016,V00937,Chrome,Desktop,High,One,Jeans,Buyer
TS-016,V00938,Chrome,Desktop,Medium,One,Jeans,Buyer
TS-016,V00939,Chrome,Desktop,Low,One,Jeans,Buyer
TS-016,V00940,Chrome,Mobile,High,One,Jeans,Buyer
TS-016,V00941,Chrome,Mobile,Medium,One,Jeans,Buyer
TS-016,V00942,Chrome,Mobile,Low,One,Jeans,Buyer
TS-016,V00943,Chrome,Tablet,High,One,Jeans,Buyer
TS-016,V00944,Chrome,Tablet,Medium,One,Jeans,Buyer
TS-016,V00945,Chrome,Tablet,Low,One,Jeans,Buyer
TS-016,V00946,Firefox,Desktop,High,One,Jeans,Buyer
TS-016,V00947,Firefox,Desktop,Medium,One,Jeans,Buyer
TS-016,V00948,Firefox,Desktop,Low,One,Jeans,Buyer
TS-016,V00949,Firefox,Mobile,High,One,Jeans,Buyer
TS-016,V00950,Firefox,Mobile,Medium,One,Jeans,Buyer
TS-016,V00951,Firefox,Mobile,Low,One,Jeans,Buyer
TS-016,V00952,Firefox,Tablet,High,One,Jeans,Buyer
TS-016,V00953,Firefox,Tablet,Medium,One,Jeans,Buyer
TS-016,V00954,Firefox,Tablet,Low,One,Jeans,Buyer
TS-016,V00955,Safari,Desktop,High,One,Jeans,Buyer
TS-016,V00956,Safari,Desktop,Medium,One,Jeans,Buyer
TS-016,V00957,Safari,Desktop,Low,One,Jeans,Buyer
TS-016,V00958,Safari,Mobile,High,One,Jeans,Buyer
TS-016,V00959,Safari,Mobile,Medium,One,Jeans,Buyer
TS-016,V00960,Safari,Mobile,Low,One,Jeans,Buyer
TS-016,V00961,Safari,Tablet,High,One,Jeans,Buyer
TS-016,V00962,Safari,Tablet,Medium,One,Jeans,Buyer
TS-016,V00963,Safari,Tablet,Low,One,Jeans,Buyer
TS-016,V00964,Edge,Desktop,High,One,Jeans,Buyer
TS-016,V00965,Edge,Desktop,Medium,One,Jeans,Buyer
TS-016,V00966,Edge,Desktop,Low,One,Jeans,Buyer
TS-016,V00967,Edge,Mobile,High,One,Jeans,Buyer
TS-016,V00968,Edge,Mobile,Medium,One,Jeans,Buyer
TS-016,V00969,Edge,Mobile,Low,One,Jeans,Buyer
TS-016,V00970,Edge,Tablet,High,One,Jeans,Buyer
TS-016,V00971,Edge,Tablet,Medium,One,Jeans,Buyer
TS-016,V00972,Edge,Tablet,Low,One,Jeans,Buyer
TS-016,V00973,Chrome,Desktop,High,None,Jeans,Buyer
TS-016,V00974,Chrome,Desktop,Medium,None,Jeans,Buyer
TS-016,V00975,Chrome,Desktop,Low,None,Jeans,Buyer
TS-016,V00976,Chrome,Mobile,High,None,Jeans,Buyer
TS-016,V00977,Chrome,Mobile,Medium,None,Jeans,Buyer
TS-016,V00978,Chrome,Mobile,Low,None,Jeans,Buyer
TS-016,V00979,Chrome,Tablet,High,None,Jeans,Buyer
TS-016,V00980,Chrome,Tablet,Medium,None,Jeans,Buyer
TS-016,V00981,Chrome,Tablet,Low,None,Jeans,Buyer
TS-016,V00982,Firefox,Desktop,High,None,Jeans,Buyer
TS-016,V00983,Firefox,Desktop,Medium,None,Jeans,Buyer
TS-016,V00984,Firefox,Desktop,Low,None,Jeans,Buyer
TS-016,V00985,Firefox,Mobile,High,None,Jeans,Buyer
TS-016,V00986,Firefox,Mobile,Medium,None,Jeans,Buyer
TS-016,V00987,Firefox,Mobile,Low,None,Jeans,Buyer
TS-016,V00988,Firefox,Tablet,High,None,Jeans,Buyer
TS-016,V00989,Firefox,Tablet,Medium,None,Jeans,Buyer
TS-016,V00990,Firefox,Tablet,Low,None,Jeans,Buyer
TS-016,V00991,Safari,Desktop,High,None,Jeans,Buyer
TS-016,V00992,Safari,Desktop,Medium,None,Jeans,Buyer
TS-016,V00993,Safari,Desktop,Low,None,Jeans,Buyer
TS-016,V00994,Safari,Mobile,High,None,Jeans,Buyer
TS-016,V00995,Safari,Mobile,Medium,None,Jeans,Buyer
TS-016,V00996,Safari,Mobile,Low,None,Jeans,Buyer
TS-016,V00997,Safari,Tablet,High,None,Jeans,Buyer
TS-016,V00998,Safari,Tablet,Medium,None,Jeans,Buyer
TS-016,V00999,Safari,Tablet,Low,None,Jeans,Buyer
TS-016,V01000,Edge,Desktop,High,None,Jeans,Buyer
TS-016,V01001,Edge,Desktop,Medium,None,Jeans,Buyer
TS-016,V01002,Edge,Desktop,Low,None,Jeans,Buyer
TS-016,V01003,Edge,Mobile,High,None,Jeans,Buyer
TS-016,V01004,Edge,Mobile,Medium,None,Jeans,Buyer
TS-016,V01005,Edge,Mobile,Low,None,Jeans,Buyer
TS-016,V01006,Edge,Tablet,High,None,Jeans,Buyer
TS-016,V01007,Edge,Tablet,Medium,None,Jeans,Buyer
TS-016,V01008,Edge,Tablet,Low,None,Jeans,Buyer
TS-016,V01009,Chrome,Desktop,High,Many,TShirts,Buyer
TS-016,V01010,Chrome,Desktop,Medium,Many,TShirts,Buyer
TS-016,V01011,Chrome,Desktop,Low,Many,TShirts,Buyer
TS-016,V01012,Chrome,Mobile,High,Many,TShirts,Buyer
TS-016,V01013,Chrome,Mobile,Medium,Many,TShirts,Buyer
TS-016,V01014,Chrome,Mobile,Low,Many,TShirts,Buyer
TS-016,V01015,Chrome,Tablet,High,Many,TShirts,Buyer
TS-016,V01016,Chrome,Tablet,Medium,Many,TShirts,Buyer
TS-016,V01017,Chrome,Tablet,Low,Many,TShirts,Buyer
TS-016,V01018,Firefox,Desktop,High,Many,TShirts,Buyer
TS-016,V01019,Firefox,Desktop,Medium,Many,TShirts,Buyer
TS-016,V01020,Firefox,Desktop,Low,Many,TShirts,Buyer
TS-016,V01021,Firefox,Mobile,High,Many,TShirts,Buyer
TS-016,V01022,Firefox,Mobile,Medium,Many,TShirts,Buyer
TS-016,V01023,Firefox,Mobile,Low,Many,TShirts,Buyer
TS-016,V01024,Firefox,Tablet,High,Many,TShirts,Buyer
TS-016,V01025,Firefox,Tablet,Medium,Many,TShirts,Buyer
TS-016,V01026,Firefox,Tablet,Low,Many,TShirts,Buyer
TS-016,V01027,Safari,Desktop,High,Many,TShirts,Buyer
TS-016,V01028,Safari,Desktop,Medium,Many,TShirts,Buyer
TS-016,V01029,Safari,Desktop,Low,Many,TShirts,Buyer
TS-016,V01030,Safari,Mobile,High,Many,TShirts,Buyer
TS-016,V01031,Safari,Mobile,Medium,Many,TShirts,Buyer
TS-016,V01032,Safari,Mobile,Low,Many,TShirts,Buyer
TS-016,V01033,Safari,Tablet,High,Many,TShirts,Buyer
TS-016,V01034,Safari,Tablet,Medium,Many,TShirts,Buyer
TS-016,V01035,Safari,Tablet,Low,Many,TShirts,Buyer
TS-016,V01036,Edge,Desktop,High,Many,TShirts,Buyer
TS-016,V01037,Edge,Desktop,Medium,Many,TShirts,Buyer
TS-016,V01038,Edge,Desktop,Low,Many,TShirts,Buyer
TS-016,V01039,Edge,Mobile,High,Many,TShirts,Buyer
TS-016,V01040,Edge,Mobile,Medium,Many,TShirts,Buyer
TS-016,V01041,Edge,Mobile,Low,Many,TShirts,Buyer
TS-016,V01042,Edge,Tablet,High,Many,TShirts,Buyer
TS-016,V01043,Edge,Tablet,Medium,Many,TShirts,Buyer
TS-016,V01044,Edge,Tablet,Low,Many,TShirts,Buyer
TS-016,V01045,Chrome,Desktop,High,Few,TShirts,Buyer
TS-016,V01046,Chrome,Desktop,Medium,Few,TShirts,Buyer
TS-016,V01047,Chrome,Desktop,Low,Few,TShirts,Buyer
TS-016,V01048,Chrome,Mobile,High,Few,TShirts,Buyer
TS-016,V01049,Chrome,Mobile,Medium,Few,TShirts,Buyer
TS-016,V01050,Chrome,Mobile,Low,Few,TShirts,Buyer
TS-016,V01051,Chrome,Tablet,High,Few,TShirts,Buyer
TS-016,V01052,Chrome,Tablet,Medium,Few,TShirts,Buyer
TS-016,V01053,Chrome,Tablet,Low,Few,TShirts,Buyer
TS-016,V01054,Firefox,Desktop,High,Few,TShirts,Buyer
TS-016,V01055,Firefox,Desktop,Medium,Few,TShirts,Buyer
TS-016,V01056,Firefox,Desktop,Low,Few,TShirts,Buyer
TS-016,V01057,Firefox,Mobile,High,Few,TShirts,Buyer
TS-016,V01058,Firefox,Mobile,Medium,Few,TShirts,Buyer
TS-016,V01059,Firefox,Mobile,Low,Few,TShirts,Buyer
TS-016,V01060,Firefox,Tablet,High,Few,TShirts,Buyer
TS-016,V01061,Firefox,Tablet,Medium,Few,TShirts,Buyer
TS-016,V01062,Firefox,Tablet,Low,Few,TShirts,Buyer
TS-016,V01063,Safari,Desktop,High,Few,TShirts,Buyer
TS-016,V01064,Safari,Desktop,Medium,Few,TShirts,Buyer
TS-016,V01065,Safari,Desktop,Low,Few,TShirts,Buyer
TS-016,V01066,Safari,Mobile,High,Few,TShirts,Buyer
TS-016,V01067,Safari,Mobile,Medium,Few,TShirts,Buyer
TS-016,V01068,Safari,Mobile,Low,Few,TShirts,Buyer
TS-016,V01069,Safari,Tablet,High,Few,TShirts,Buyer
TS-016,V01070,Safari,Tablet,Medium,Few,TShirts,Buyer
TS-016,V01071,Safari,Tablet,Low,Few,TShirts,Buyer
TS-016,V01072,Edge,Desktop,High,Few,TShirts,Buyer
TS-016,V01073,Edge,Desktop,Medium,Few,TShirts,Buyer
TS-016,V01074,Edge,Desktop,Low,Few,TShirts,Buyer
TS-016,V01075,Edge,Mobile,High,Few,TShirts,Buyer
TS-016,V01076,Edge,Mobile,Medium,Few,TShirts,Buyer
TS-016,V01077,Edge,Mobile,Low,Few,TShirts,Buyer
TS-016,V01078,Edge,Tablet,High,Few,TShirts,Buyer
TS-016,V01079,Edge,Tablet,Medium,Few,TShirts,Buyer
TS-016,V01080,Edge,Tablet,Low,Few,TShirts,Buyer
TS-016,V01081,Chrome,Desktop,High,One,TShirts,Buyer
TS-016,V01082,Chrome,Desktop,Medium,One,TShirts,Buyer
TS-016,V01083,Chrome,Desktop,Low,One,TShirts,Buyer
TS-016,V01084,Chrome,Mobile,High,One,TShirts,Buyer
TS-016,V01085,Chrome,Mobile,Medium,One,TShirts,Buyer
TS-016,V01086,Chrome,Mobile,Low,One,TShirts,Buyer
TS-016,V01087,Chrome,Tablet,High,One,TShirts,Buyer
TS-016,V01088,Chrome,Tablet,Medium,One,TShirts,Buyer
TS-016,V01089,Chrome,Tablet,Low,One,TShirts,Buyer
TS-016,V01090,Firefox,Desktop,High,One,TShirts,Buyer
TS-016,V01091,Firefox,Desktop,Medium,One,TShirts,Buyer
TS-016,V01092,Firefox,Desktop,Low,One,TShirts,Buyer
TS-016,V01093,Firefox,Mobile,High,One,TShirts,Buyer
TS-016,V01094,Firefox,Mobile,Medium,One,TShirts,Buyer
TS-016,V01095,Firefox,Mobile,Low,One,TShirts,Buyer
TS-016,V01096,Firefox,Tablet,High,One,TShirts,Buyer
TS-016,V01097,Firefox,Tablet,Medium,One,TShirts,Buyer
TS-016,V01098,Firefox,Tablet,Low,One,TShirts,Buyer
TS-016,V01099,Safari,Desktop,High,One,TShirts,Buyer
TS-016,V01100,Safari,Desktop,Medium,One,TShirts,Buyer
TS-016,V01101,Safari,Desktop,Low,One,TShirts,Buyer
TS-016,V01102,Safari,Mobile,High,One,TShirts,Buyer
TS-016,V01103,Safari,Mobile,Medium,One,TShirts,Buyer
TS-016,V01104,Safari,Mobile,Low,One,TShirts,Buyer
TS-016,V01105,Safari,Tablet,High,One,TShirts,Buyer
TS-016,V01106,Safari,Tablet,Medium,One,TShirts,Buyer
TS-016,V01107,Safari,Tablet,Low,One,TShirts,Buyer
TS-016,V01108,Edge,Desktop,High,One,TShirts,Buyer
TS-016,V01109,Edge,Desktop,Medium,One,TShirts,Buyer
TS-016,V01110,Edge,Desktop,Low,One,TShirts,Buyer
TS-016,V01111,Edge,Mobile,High,One,TShirts,Buyer
TS-016,V01112,Edge,Mobile,Medium,One,TShirts,Buyer
TS-016,V01113,Edge,Mobile,Low,One,TShirts,Buyer
TS-016,V01114,Edge,Tablet,High,One,TShirts,Buyer
TS-016,V01115,Edge,Tablet,Medium,One,TShirts,Buyer
TS-016,V01116,Edge,Tablet,Low,One,TShirts,Buyer
TS-016,V01117,Chrome,Desktop,High,None,TShirts,Buyer
TS-016,V01118,Chrome,Desktop,Medium,None,TShirts,Buyer
TS-016,V01119,Chrome,Desktop,Low,None,TShirts,Buyer
TS-016,V01120,Chrome,Mobile,High,None,TShirts,Buyer
TS-016,V01121,Chrome,Mobile,Medium,None,TShirts,Buyer
TS-016,V01122,Chrome,Mobile,Low,None,TShirts,Buyer
TS-016,V01123,Chrome,Tablet,High,None,TShirts,Buyer
TS-016,V01124,Chrome,Tablet,Medium,None,TShirts,Buyer
TS-016,V01125,Chrome,Tablet,Low,None,TShirts,Buyer
TS-016,V01126,Firefox,Desktop,High,None,TShirts,Buyer
TS-016,V01127,Firefox,Desktop,Medium,None,TShirts,Buyer
TS-016,V01128,Firefox,Desktop,Low,None,TShirts,Buyer
TS-016,V01129,Firefox,Mobile,High,None,TShirts,Buyer
TS-016,V01130,Firefox,Mobile,Medium,None,TShirts,Buyer
TS-016,V01131,Firefox,Mobile,Low,None,TShirts,Buyer
TS-016,V01132,Firefox,Tablet,High,None,TShirts,Buyer
TS-016,V01133,Firefox,Tablet,Medium,None,TShirts,Buyer
TS-016,V01134,Firefox,Tablet,Low,None,TShirts,Buyer
TS-016,V01135,Safari,Desktop,High,None,TShirts,Buyer
TS-016,V01136,Safari,Desktop,Medium,None,TShirts,Buyer
TS-016,V01137,Safari,Desktop,Low,None,TShirts,Buyer
TS-016,V01138,Safari,Mobile,High,None,TShirts,Buyer
TS-016,V01139,Safari,Mobile,Medium,None,TShirts,Buyer
TS-016,V01140,Safari,Mobile,Low,None,TShirts,Buyer
TS-016,V01141,Safari,Tablet,High,None,TShirts,Buyer
TS-016,V01142,Safari,Tablet,Medium,None,TShirts,Buyer
TS-016,V01143,Safari,Tablet,Low,None,TShirts,Buyer
TS-016,V01144,Edge,Desktop,High,None,TShirts,Buyer
TS-016,V01145,Edge,Desktop,Medium,None,TShirts,Buyer
TS-016,V01146,Edge,Desktop,Low,None,TShirts,Buyer
TS-016,V01147,Edge,Mobile,High,None,TShirts,Buyer
TS-016,V01148,Edge,Mobile,Medium,None,TShirts,Buyer
TS-016,V01149,Edge,Mobile,Low,None,TShirts,Buyer
TS-016,V01150,Edge,Tablet,High,None,TShirts,Buyer
TS-016,V01151,Edge,Tablet,Medium,None,TShirts,Buyer
TS-016,V01152,Edge,Tablet,Low,None,TShirts,Buyer
TS-016,V01153,Chrome,Desktop,High,Many,Dresses,Buyer
TS-016,V01154,Chrome,Desktop,Medium,Many,Dresses,Buyer
TS-016,V01155,Chrome,Desktop,Low,Many,Dresses,Buyer
TS-016,V01156,Chrome,Mobile,High,Many,Dresses,Buyer
TS-016,V01157,Chrome,Mobile,Medium,Many,Dresses,Buyer
TS-016,V01158,Chrome,Mobile,Low,Many,Dresses,Buyer
TS-016,V01159,Chrome,Tablet,High,Many,Dresses,Buyer
TS-016,V01160,Chrome,Tablet,Medium,Many,Dresses,Buyer
TS-016,V01161,Chrome,Tablet,Low,Many,Dresses,Buyer
TS-016,V01162,Firefox,Desktop,High,Many,Dresses,Buyer
TS-016,V01163,Firefox,Desktop,Medium,Many,Dresses,Buyer
TS-016,V01164,Firefox,Desktop,Low,Many,Dresses,Buyer
TS-016,V01165,Firefox,Mobile,High,Many,Dresses,Buyer
TS-016,V01166,Firefox,Mobile,Medium,Many,Dresses,Buyer
TS-016,V01167,Firefox,Mobile,Low,Many,Dresses,Buyer
TS-016,V01168,Firefox,Tablet,High,Many,Dresses,Buyer
TS-016,V01169,Firefox,Tablet,Medium,Many,Dresses,Buyer
TS-016,V01170,Firefox,Tablet,Low,Many,Dresses,Buyer
TS-016,V01171,Safari,Desktop,High,Many,Dresses,Buyer
TS-016,V01172,Safari,Desktop,Medium,Many,Dresses,Buyer
TS-016,V01173,Safari,Desktop,Low,Many,Dresses,Buyer
TS-016,V01174,Safari,Mobile,High,Many,Dresses,Buyer
TS-016,V01175,Safari,Mobile,Medium,Many,Dresses,Buyer
TS-016,V01176,Safari,Mobile,Low,Many,Dresses,Buyer
TS-016,V01177,Safari,Tablet,High,Many,Dresses,Buyer
TS-016,V01178,Safari,Tablet,Medium,Many,Dresses,Buyer
TS-016,V01179,Safari,Tablet,Low,Many,Dresses,Buyer
TS-016,V01180,Edge,Desktop,High,Many,Dresses,Buyer
TS-016,V01181,Edge,Desktop,Medium,Many,Dresses,Buyer
TS-016,V01182,Edge,Desktop,Low,Many,Dresses,Buyer
TS-016,V01183,Edge,Mobile,High,Many,Dresses,Buyer
TS-016,V01184,Edge,Mobile,Medium,Many,Dresses,Buyer
TS-016,V01185,Edge,Mobile,Low,Many,Dresses,Buyer
TS-016,V01186,Edge,Tablet,High,Many,Dresses,Buyer
TS-016,V01187,Edge,Tablet,Medium,Many,Dresses,Buyer
TS-016,V01188,Edge,Tablet,Low,Many,Dresses,Buyer
TS-016,V01189,Chrome,Desktop,High,Few,Dresses,Buyer
TS-016,V01190,Chrome,Desktop,Medium,Few,Dresses,Buyer
TS-016,V01191,Chrome,Desktop,Low,Few,Dresses,Buyer
TS-016,V01192,Chrome,Mobile,High,Few,Dresses,Buyer
TS-016,V01193,Chrome,Mobile,Medium,Few,Dresses,Buyer
TS-016,V01194,Chrome,Mobile,Low,Few,Dresses,Buyer
TS-016,V01195,Chrome,Tablet,High,Few,Dresses,Buyer
TS-016,V01196,Chrome,Tablet,Medium,Few,Dresses,Buyer
TS-016,V01197,Chrome,Tablet,Low,Few,Dresses,Buyer
TS-016,V01198,Firefox,Desktop,High,Few,Dresses,Buyer
TS-016,V01199,Firefox,Desktop,Medium,Few,Dresses,Buyer
TS-016,V01200,Firefox,Desktop,Low,Few,Dresses,Buyer
TS-016,V01201,Firefox,Mobile,High,Few,Dresses,Buyer
TS-016,V01202,Firefox,Mobile,Medium,Few,Dresses,Buyer
TS-016,V01203,Firefox,Mobile,Low,Few,Dresses,Buyer
TS-016,V01204,Firefox,Tablet,High,Few,Dresses,Buyer
TS-016,V01205,Firefox,Tablet,Medium,Few,Dresses,Buyer
TS-016,V01206,Firefox,Tablet,Low,Few,Dresses,Buyer
TS-016,V01207,Safari,Desktop,High,Few,Dresses,Buyer
TS-016,V01208,Safari,Desktop,Medium,Few,Dresses,Buyer
TS-016,V01209,Safari,Desktop,Low,Few,Dresses,Buyer
TS-016,V01210,Safari,Mobile,High,Few,Dresses,Buyer
TS-016,V01211,Safari,Mobile,Medium,Few,Dresses,Buyer
TS-016,V01212,Safari,Mobile,Low,Few,Dresses,Buyer
TS-016,V01213,Safari,Tablet,High,Few,Dresses,Buyer
TS-016,V01214,Safari,Tablet,Medium,Few,Dresses,Buyer
TS-016,V01215,Safari,Tablet,Low,Few,Dresses,Buyer
TS-016,V01216,Edge,Desktop,High,Few,Dresses,Buyer
TS-016,V01217,Edge,Desktop,Medium,Few,Dresses,Buyer
TS-016,V01218,Edge,Desktop,Low,Few,Dresses,Buyer
TS-016,V01219,Edge,Mobile,High,Few,Dresses,Buyer
TS-016,V01220,Edge,Mobile,Medium,Few,Dresses,Buyer
TS-016,V01221,Edge,Mobile,Low,Few,Dresses,Buyer
TS-016,V01222,Edge,Tablet,High,Few,Dresses,Buyer
TS-016,V01223,Edge,Tablet,Medium,Few,Dresses,Buyer
TS-016,V01224,Edge,Tablet,Low,Few,Dresses,Buyer
TS-016,V01225,Chrome,Desktop,High,One,Dresses,Buyer
TS-016,V01226,Chrome,Desktop,Medium,One,Dresses,Buyer
TS-016,V01227,Chrome,Desktop,Low,One,Dresses,Buyer
TS-016,V01228,Chrome,Mobile,High,One,Dresses,Buyer
TS-016,V01229,Chrome,Mobile,Medium,One,Dresses,Buyer
TS-016,V01230,Chrome,Mobile,Low,One,Dresses,Buyer
TS-016,V01231,Chrome,Tablet,High,One,Dresses,Buyer
TS-016,V01232,Chrome,Tablet,Medium,One,Dresses,Buyer
TS-016,V01233,Chrome,Tablet,Low,One,Dresses,Buyer
TS-016,V01234,Firefox,Desktop,High,One,Dresses,Buyer
TS-016,V01235,Firefox,Desktop,Medium,One,Dresses,Buyer
TS-016,V01236,Firefox,Desktop,Low,One,Dresses,Buyer
TS-016,V01237,Firefox,Mobile,High,One,Dresses,Buyer
TS-016,V01238,Firefox,Mobile,Medium,One,Dresses,Buyer
TS-016,V01239,Firefox,Mobile,Low,One,Dresses,Buyer
TS-016,V01240,Firefox,Tablet,High,One,Dresses,Buyer
TS-016,V01241,Firefox,Tablet,Medium,One,Dresses,Buyer
TS-016,V01242,Firefox,Tablet,Low,One,Dresses,Buyer
TS-016,V01243,Safari,Desktop,High,One,Dresses,Buyer
TS-016,V01244,Safari,Desktop,Medium,One,Dresses,Buyer
TS-016,V01245,Safari,Desktop,Low,One,Dresses,Buyer
TS-016,V01246,Safari,Mobile,High,One,Dresses,Buyer
TS-016,V01247,Safari,Mobile,Medium,One,Dresses,Buyer
TS-016,V01248,Safari,Mobile,Low,One,Dresses,Buyer
TS-016,V01249,Safari,Tablet,High,One,Dresses,Buyer
TS-016,V01250,Safari,Tablet,Medium,One,Dresses,Buyer
TS-016,V01251,Safari,Tablet,Low,One,Dresses,Buyer
TS-016,V01252,Edge,Desktop,High,One,Dresses,Buyer
TS-016,V01253,Edge,Desktop,Medium,One,Dresses,Buyer
TS-016,V01254,Edge,Desktop,Low,One,Dresses,Buyer
TS-016,V01255,Edge,Mobile,High,One,Dresses,Buyer
TS-016,V01256,Edge,Mobile,Medium,One,Dresses,Buyer
TS-016,V01257,Edge,Mobile,Low,One,Dresses,Buyer
TS-016,V01258,Edge,Tablet,High,One,Dresses,Buyer
TS-016,V01259,Edge,Tablet,Medium,One,Dresses,Buyer
TS-016,V01260,Edge,Tablet,Low,One,Dresses,Buyer
TS-016,V01261,Chrome,Desktop,High,None,Dresses,Buyer
TS-016,V01262,Chrome,Desktop,Medium,None,Dresses,Buyer
TS-016,V01263,Chrome,Desktop,Low,None,Dresses,Buyer
TS-016,V01264,Chrome,Mobile,High,None,Dresses,Buyer
TS-016,V01265,Chrome,Mobile,Medium,None,Dresses,Buyer
TS-016,V01266,Chrome,Mobile,Low,None,Dresses,Buyer
TS-016,V01267,Chrome,Tablet,High,None,Dresses,Buyer
TS-016,V01268,Chrome,Tablet,Medium,None,Dresses,Buyer
TS-016,V01269,Chrome,Tablet,Low,None,Dresses,Buyer
TS-016,V01270,Firefox,Desktop,High,None,Dresses,Buyer
TS-016,V01271,Firefox,Desktop,Medium,None,Dresses,Buyer
TS-016,V01272,Firefox,Desktop,Low,None,Dresses,Buyer
TS-016,V01273,Firefox,Mobile,High,None,Dresses,Buyer
TS-016,V01274,Firefox,Mobile,Medium,None,Dresses,Buyer
TS-016,V01275,Firefox,Mobile,Low,None,Dresses,Buyer
TS-016,V01276,Firefox,Tablet,High,None,Dresses,Buyer
TS-016,V01277,Firefox,Tablet,Medium,None,Dresses,Buyer
TS-016,V01278,Firefox,Tablet,Low,None,Dresses,Buyer
TS-016,V01279,Safari,Desktop,High,None,Dresses,Buyer
TS-016,V01280,Safari,Desktop,Medium,None,Dresses,Buyer
TS-016,V01281,Safari,Desktop,Low,None,Dresses,Buyer
TS-016,V01282,Safari,Mobile,High,None,Dresses,Buyer
TS-016,V01283,Safari,Mobile,Medium,None,Dresses,Buyer
TS-016,V01284,Safari,Mobile,Low,None,Dresses,Buyer
TS-016,V01285,Safari,Tablet,High,None,Dresses,Buyer
TS-016,V01286,Safari,Tablet,Medium,None,Dresses,Buyer
TS-016,V01287,Safari,Tablet,Low,None,Dresses,Buyer
TS-016,V01288,Edge,Desktop,High,None,Dresses,Buyer
TS-016,V01289,Edge,Desktop,Medium,None,Dresses,Buyer
TS-016,V01290,Edge,Desktop,Low,None,Dresses,Buyer
TS-016,V01291,Edge,Mobile,High,None,Dresses,Buyer
TS-016,V01292,Edge,Mobile,Medium,None,Dresses,Buyer
TS-016,V01293,Edge,Mobile,Low,None,Dresses,Buyer
TS-016,V01294,Edge,Tablet,High,None,Dresses,Buyer
TS-016,V01295,Edge,Tablet,Medium,None,Dresses,Buyer
TS-016,V01296,Edge,Tablet,Low,None,Dresses,Buyer
TS-016,V01297,Chrome,Desktop,High,Many,Accessories,Buyer
TS-016,V01298,Chrome,Desktop,Medium,Many,Accessories,Buyer
TS-016,V01299,Chrome,Desktop,Low,Many,Accessories,Buyer
TS-016,V01300,Chrome,Mobile,High,Many,Accessories,Buyer
TS-016,V01301,Chrome,Mobile,Medium,Many,Accessories,Buyer
TS-016,V01302,Chrome,Mobile,Low,Many,Accessories,Buyer
TS-016,V01303,Chrome,Tablet,High,Many,Accessories,Buyer
TS-016,V01304,Chrome,Tablet,Medium,Many,Accessories,Buyer
TS-016,V01305,Chrome,Tablet,Low,Many,Accessories,Buyer
TS-016,V01306,Firefox,Desktop,High,Many,Accessories,Buyer
TS-016,V01307,Firefox,Desktop,Medium,Many,Accessories,Buyer
TS-016,V01308,Firefox,Desktop,Low,Many,Accessories,Buyer
TS-016,V01309,Firefox,Mobile,High,Many,Accessories,Buyer
TS-016,V01310,Firefox,Mobile,Medium,Many,Accessories,Buyer
TS-016,V01311,Firefox,Mobile,Low,Many,Accessories,Buyer
TS-016,V01312,Firefox,Tablet,High,Many,Accessories,Buyer
TS-016,V01313,Firefox,Tablet,Medium,Many,Accessories,Buyer
TS-016,V01314,Firefox,Tablet,Low,Many,Accessories,Buyer
TS-016,V01315,Safari,Desktop,High,Many,Accessories,Buyer
TS-016,V01316,Safari,Desktop,Medium,Many,Accessories,Buyer
TS-016,V01317,Safari,Desktop,Low,Many,Accessories,Buyer
TS-016,V01318,Safari,Mobile,High,Many,Accessories,Buyer
TS-016,V01319,Safari,Mobile,Medium,Many,Accessories,Buyer
TS-016,V01320,Safari,Mobile,Low,Many,Accessories,Buyer
TS-016,V01321,Safari,Tablet,High,Many,Accessories,Buyer
TS-016,V01322,Safari,Tablet,Medium,Many,Accessories,Buyer
TS-016,V01323,Safari,Tablet,Low,Many,Accessories,Buyer
TS-016,V01324,Edge,Desktop,High,Many,Accessories,Buyer
TS-016,V01325,Edge,Desktop,Medium,Many,Accessories,Buyer
TS-016,V01326,Edge,Desktop,Low,Many,Accessories,Buyer
TS-016,V01327,Edge,Mobile,High,Many,Accessories,Buyer
TS-016,V01328,Edge,Mobile,Medium,Many,Accessories,Buyer
TS-016,V01329,Edge,Mobile,Low,Many,Accessories,Buyer
TS-016,V01330,Edge,Tablet,High,Many,Accessories,Buyer
TS-016,V01331,Edge,Tablet,Medium,Many,Accessories,Buyer
TS-016,V01332,Edge,Tablet,Low,Many,Accessories,Buyer
TS-016,V01333,Chrome,Desktop,High,Few,Accessories,Buyer
TS-016,V01334,Chrome,Desktop,Medium,Few,Accessories,Buyer
TS-016,V01335,Chrome,Desktop,Low,Few,Accessories,Buyer
TS-016,V01336,Chrome,Mobile,High,Few,Accessories,Buyer
TS-016,V01337,Chrome,Mobile,Medium,Few,Accessories,Buyer
TS-016,V01338,Chrome,Mobile,Low,Few,Accessories,Buyer
TS-016,V01339,Chrome,Tablet,High,Few,Accessories,Buyer
TS-016,V01340,Chrome,Tablet,Medium,Few,Accessories,Buyer
TS-016,V01341,Chrome,Tablet,Low,Few,Accessories,Buyer
TS-016,V01342,Firefox,Desktop,High,Few,Accessories,Buyer
TS-016,V01343,Firefox,Desktop,Medium,Few,Accessories,Buyer
TS-016,V01344,Firefox,Desktop,Low,Few,Accessories,Buyer
TS-016,V01345,Firefox,Mobile,High,Few,Accessories,Buyer
TS-016,V01346,Firefox,Mobile,Medium,Few,Accessories,Buyer
TS-016,V01347,Firefox,Mobile,Low,Few,Accessories,Buyer
TS-016,V01348,Firefox,Tablet,High,Few,Accessories,Buyer
TS-016,V01349,Firefox,Tablet,Medium,Few,Accessories,Buyer
TS-016,V01350,Firefox,Tablet,Low,Few,Accessories,Buyer
TS-016,V01351,Safari,Desktop,High,Few,Accessories,Buyer
TS-016,V01352,Safari,Desktop,Medium,Few,Accessories,Buyer
TS-016,V01353,Safari,Desktop,Low,Few,Accessories,Buyer
TS-016,V01354,Safari,Mobile,High,Few,Accessories,Buyer
TS-016,V01355,Safari,Mobile,Medium,Few,Accessories,Buyer
TS-016,V01356,Safari,Mobile,Low,Few,Accessories,Buyer
TS-016,V01357,Safari,Tablet,High,Few,Accessories,Buyer
TS-016,V01358,Safari,Tablet,Medium,Few,Accessories,Buyer
TS-016,V01359,Safari,Tablet,Low,Few,Accessories,Buyer
TS-016,V01360,Edge,Desktop,High,Few,Accessories,Buyer
TS-016,V01361,Edge,Desktop,Medium,Few,Accessories,Buyer
TS-016,V01362,Edge,Desktop,Low,Few,Accessories,Buyer
TS-016,V01363,Edge,Mobile,High,Few,Accessories,Buyer
TS-016,V01364,Edge,Mobile,Medium,Few,Accessories,Buyer
TS-016,V01365,Edge,Mobile,Low,Few,Accessories,Buyer
TS-016,V01366,Edge,Tablet,High,Few,Accessories,Buyer
TS-016,V01367,Edge,Tablet,Medium,Few,Accessories,Buyer
TS-016,V01368,Edge,Tablet,Low,Few,Accessories,Buyer
TS-016,V01369,Chrome,Desktop,High,One,Accessories,Buyer
TS-016,V01370,Chrome,Desktop,Medium,One,Accessories,Buyer
TS-016,V01371,Chrome,Desktop,Low,One,Accessories,Buyer
TS-016,V01372,Chrome,Mobile,High,One,Accessories,Buyer
TS-016,V01373,Chrome,Mobile,Medium,One,Accessories,Buyer
TS-016,V01374,Chrome,Mobile,Low,One,Accessories,Buyer
TS-016,V01375,Chrome,Tablet,High,One,Accessories,Buyer
TS-016,V01376,Chrome,Tablet,Medium,One,Accessories,Buyer
TS-016,V01377,Chrome,Tablet,Low,One,Accessories,Buyer
TS-016,V01378,Firefox,Desktop,High,One,Accessories,Buyer
TS-016,V01379,Firefox,Desktop,Medium,One,Accessories,Buyer
TS-016,V01380,Firefox,Desktop,Low,One,Accessories,Buyer
TS-016,V01381,Firefox,Mobile,High,One,Accessories,Buyer
TS-016,V01382,Firefox,Mobile,Medium,One,Accessories,Buyer
TS-016,V01383,Firefox,Mobile,Low,One,Accessories,Buyer
TS-016,V01384,Firefox,Tablet,High,One,Accessories,Buyer
TS-016,V01385,Firefox,Tablet,Medium,One,Accessories,Buyer
TS-016,V01386,Firefox,Tablet,Low,One,Accessories,Buyer
TS-016,V01387,Safari,Desktop,High,One,Accessories,Buyer
TS-016,V01388,Safari,Desktop,Medium,One,Accessories,Buyer
TS-016,V01389,Safari,Desktop,Low,One,Accessories,Buyer
TS-016,V01390,Safari,Mobile,High,One,Accessories,Buyer
TS-016,V01391,Safari,Mobile,Medium,One,Accessories,Buyer
TS-016,V01392,Safari,Mobile,Low,One,Accessories,Buyer
TS-016,V01393,Safari,Tablet,High,One,Accessories,Buyer
TS-016,V01394,Safari,Tablet,Medium,One,Accessories,Buyer
TS-016,V01395,Safari,Tablet,Low,One,Accessories,Buyer
TS-016,V01396,Edge,Desktop,High,One,Accessories,Buyer
TS-016,V01397,Edge,Desktop,Medium,One,Accessories,Buyer
TS-016,V01398,Edge,Desktop,Low,One,Accessories,Buyer
TS-016,V01399,Edge,Mobile,High,One,Accessories,Buyer
TS-016,V01400,Edge,Mobile,Medium,One,Accessories,Buyer
TS-016,V01401,Edge,Mobile,Low,One,Accessories,Buyer
TS-016,V01402,Edge,Tablet,High,One,Accessories,Buyer
TS-016,V01403,Edge,Tablet,Medium,One,Accessories,Buyer
TS-016,V01404,Edge,Tablet,Low,One,Accessories,Buyer
TS-016,V01405,Chrome,Desktop,High,None,Accessories,Buyer
TS-016,V01406,Chrome,Desktop,Medium,None,Accessories,Buyer
TS-016,V01407,Chrome,Desktop,Low,None,Accessories,Buyer
TS-016,V01408,Chrome,Mobile,High,None,Accessories,Buyer
TS-016,V01409,Chrome,Mobile,Medium,None,Accessories,Buyer
TS-016,V01410,Chrome,Mobile,Low,None,Accessories,Buyer
TS-016,V01411,Chrome,Tablet,High,None,Accessories,Buyer
TS-016,V01412,Chrome,Tablet,Medium,None,Accessories,Buyer
TS-016,V01413,Chrome,Tablet,Low,None,Accessories,Buyer
TS-016,V01414,Firefox,Desktop,High,None,Accessories,Buyer
TS-016,V01415,Firefox,Desktop,Medium,None,Accessories,Buyer
TS-016,V01416,Firefox,Desktop,Low,None,Accessories,Buyer
TS-016,V01417,Firefox,Mobile,High,None,Accessories,Buyer
TS-016,V01418,Firefox,Mobile,Medium,None,Accessories,Buyer
TS-016,V01419,Firefox,Mobile,Low,None,Accessories,Buyer
TS-016,V01420,Firefox,Tablet,High,None,Accessories,Buyer
TS-016,V01421,Firefox,Tablet,Medium,None,Accessories,Buyer
TS-016,V01422,Firefox,Tablet,Low,None,Accessories,Buyer
TS-016,V01423,Safari,Desktop,High,None,Accessories,Buyer
TS-016,V01424,Safari,Desktop,Medium,None,Accessories,Buyer
TS-016,V01425,Safari,Desktop,Low,None,Accessories,Buyer
TS-016,V01426,Safari,Mobile,High,None,Accessories,Buyer
TS-016,V01427,Safari,Mobile,Medium,None,Accessories,Buyer
TS-016,V01428,Safari,Mobile,Low,None,Accessories,Buyer
TS-016,V01429,Safari,Tablet,High,None,Accessories,Buyer
TS-016,V01430,Safari,Tablet,Medium,None,Accessories,Buyer
TS-016,V01431,Safari,Tablet,Low,None,Accessories,Buyer
TS-016,V01432,Edge,Desktop,High,None,Accessories,Buyer
TS-016,V01433,Edge,Desktop,Medium,None,Accessories,Buyer
TS-016,V01434,Edge,Desktop,Low,None,Accessories,Buyer
TS-016,V01435,Edge,Mobile,High,None,Accessories,Buyer
TS-016,V01436,Edge,Mobile,Medium,None,Accessories,Buyer
TS-016,V01437,Edge,Mobile,Low,None,Accessories,Buyer
TS-016,V01438,Edge,Tablet,High,None,Accessories,Buyer
TS-016,V01439,Edge,Tablet,Medium,None,Accessories,Buyer
TS-016,V01440,Edge,Tablet,Low,None,Accessories,Buyer
