Scenario_ID,Variant_ID,Browser,Card_Type,Device,Network_Speed,Payment_Method,Payment_Status,User_Type
TS-039,V00001,Chrome,Visa,Desktop,High,Credit_Card,Success,Buyer
TS-039,V00002,Chrome,Visa,Desktop,Medium,Credit_Card,Success,Buyer
TS-039,V00003,Chrome,Visa,Desktop,Low,Credit_Card,Success,Buyer
TS-039,V00004,Chrome,Visa,Mobile,High,Credit_Card,Success,Buyer
TS-039,V00005,Chrome,Visa,Mobile,Medium,Credit_Card,Success,Buyer
TS-039,V00006,Chrome,Visa,Mobile,Low,Credit_Card,Success,Buyer
TS-039,V00007,Chrome,Visa,Tablet,High,Credit_Card,Success,Buyer
TS-039,V00008,Chrome,Visa,Tablet,Medium,Credit_Card,Success,Buyer
TS-039,V00009,Chrome,Visa,Tablet,Low,Credit_Card,Success,Buyer
TS-039,V00010,Firefox,Visa,Desktop,High,Credit_Card,Success,Buyer
TS-039,V00011,Firefox,Visa,Desktop,Medium,Credit_Card,Success,Buyer
TS-039,V00012,Firefox,Visa,Desktop,Low,Credit_Card,Success,Buyer
TS-039,V00013,Firefox,Visa,Mobile,High,Credit_Card,Success,Buyer
TS-039,V00014,Firefox,Visa,Mobile,Medium,Credit_Card,Success,Buyer
TS-039,V00015,Firefox,Visa,Mobile,Low,Credit_Card,Success,Buyer
TS-039,V00016,Firefox,Visa,Tablet,High,Credit_Card,Success,Buyer
TS-039,V00017,Firefox,Visa,Tablet,Medium,Credit_Card,Success,Buyer
TS-039,V00018,Firefox,Visa,Tablet,Low,Credit_Card,Success,Buyer
TS-039,V00019,Safari,Visa,Desktop,High,Credit_Card,Success,Buyer
TS-039,V00020,Safari,Visa,Desktop,Medium,Credit_Card,Success,Buyer
TS-039,V00021,Safari,Visa,Desktop,Low,Credit_Card,Success,Buyer
TS-039,V00022,Safari,Visa,Mobile,High,Credit_Card,Success,Buyer
TS-039,V00023,Safari,Visa,Mobile,Medium,Credit_Card,Success,Buyer
TS-039,V00024,Safari,Visa,Mobile,Low,Credit_Card,Success,Buyer
TS-039,V00025,Safari,Visa,Tablet,High,Credit_Card,Success,Buyer
TS-039,V00026,Safari,Visa,Tablet,Medium,Credit_Card,Success,Buyer
TS-039,V00027,Safari,Visa,Tablet,Low,Credit_Card,Success,Buyer
TS-039,V00028,Edge,Visa,Desktop,High,Credit_Card,Success,Buyer
TS-039,V00029,Edge,Visa,Desktop,Medium,Credit_Card,Success,Buyer
TS-039,V00030,Edge,Visa,Desktop,Low,Credit_Card,Success,Buyer
TS-039,V00031,Edge,Visa,Mobile,High,Credit_Card,Success,Buyer
TS-039,V00032,Edge,Visa,Mobile,Medium,Credit_Card,Success,Buyer
TS-039,V00033,Edge,Visa,Mobile,Low,Credit_Card,Success,Buyer
TS-039,V00034,Edge,Visa,Tablet,High,Credit_Card,Success,Buyer
TS-039,V00035,Edge,Visa,Tablet,Medium,Credit_Card,Success,Buyer
TS-039,V00036,Edge,Visa,Tablet,Low,Credit_Card,Success,Buyer
TS-039,V00037,Chrome,Visa,Desktop,High,Credit_Card,Declined,Buyer
TS-039,V00038,Chrome,Visa,Desktop,Medium,Credit_Card,Declined,Buyer
TS-039,V00039,Chrome,Visa,Desktop,Low,Credit_Card,Declined,Buyer
TS-039,V00040,Chrome,Visa,Mobile,High,Credit_Card,Declined,Buyer
TS-039,V00041,Chrome,Visa,Mobile,Medium,Credit_Card,Declined,Buyer
TS-039,V00042,Chrome,Visa,Mobile,Low,Credit_Card,Declined,Buyer
TS-039,V00043,Chrome,Visa,Tablet,High,Credit_Card,Declined,Buyer
TS-039,V00044,Chrome,Visa,Tablet,Medium,Credit_Card,Declined,Buyer
TS-039,V00045,Chrome,Visa,Tablet,Low,Credit_Card,Declined,Buyer
TS-039,V00046,Firefox,Visa,Desktop,High,Credit_Card,Declined,Buyer
TS-039,V00047,Firefox,Visa,Desktop,Medium,Credit_Card,Declined,Buyer
TS-039,V00048,Firefox,Visa,Desktop,Low,Credit_Card,Declined,Buyer
TS-039,V00049,Firefox,Visa,Mobile,High,Credit_Card,Declined,Buyer
TS-039,V00050,Firefox,Visa,Mobile,Medium,Credit_Card,Declined,Buyer
TS-039,V00051,Firefox,Visa,Mobile,Low,Credit_Card,Declined,Buyer
TS-039,V00052,Firefox,Visa,Tablet,High,Credit_Card,Declined,Buyer
TS-039,V00053,Firefox,Visa,Tablet,Medium,Credit_Card,Declined,Buyer
TS-039,V00054,Firefox,Visa,Tablet,Low,Credit_Card,Declined,Buyer
TS-039,V00055,Safari,Visa,Desktop,High,Credit_Card,Declined,Buyer
TS-039,V00056,Safari,Visa,Desktop,Medium,Credit_Card,Declined,Buyer
TS-039,V00057,Safari,Visa,Desktop,Low,Credit_Card,Declined,Buyer
TS-039,V00058,Safari,Visa,Mobile,High,Credit_Card,Declined,Buyer
TS-039,V00059,Safari,Visa,Mobile,Medium,Credit_Card,Declined,Buyer
TS-039,V00060,Safari,Visa,Mobile,Low,Credit_Card,Declined,Buyer
TS-039,V00061,Safari,Visa,Tablet,High,Credit_Card,Declined,Buyer
TS-039,V00062,Safari,Visa,Tablet,Medium,Credit_Card,Declined,Buyer
TS-039,V00063,Safari,Visa,Tablet,Low,Credit_Card,Declined,Buyer
TS-039,V00064,Edge,Visa,Desktop,High,Credit_Card,Declined,Buyer
TS-039,V00065,Edge,Visa,Desktop,Medium,Credit_Card,Declined,Buyer
TS-039,V00066,Edge,Visa,Desktop,Low,Credit_Card,Declined,Buyer
TS-039,V00067,Edge,Visa,Mobile,High,Credit_Card,Declined,Buyer
TS-039,V00068,Edge,Visa,Mobile,Medium,Credit_Card,Declined,Buyer
TS-039,V00069,Edge,Visa,Mobile,Low,Credit_Card,Declined,Buyer
TS-039,V00070,Edge,Visa,Tablet,High,Credit_Card,Declined,Buyer
TS-039,V00071,Edge,Visa,Tablet,Medium,Credit_Card,Declined,Buyer
TS-039,V00072,Edge,Visa,Tablet,Low,Credit_Card,Declined,Buyer
TS-039,V00073,Chrome,Visa,Desktop,High,Credit_Card,Timeout,Buyer
TS-039,V00074,Chrome,Visa,Desktop,Medium,Credit_Card,Timeout,Buyer
TS-039,V00075,Chrome,Visa,Desktop,Low,Credit_Card,Timeout,Buyer
TS-039,V00076,Chrome,Visa,Mobile,High,Credit_Card,Timeout,Buyer
TS-039,V00077,Chrome,Visa,Mobile,Medium,Credit_Card,Timeout,Buyer
TS-039,V00078,Chrome,Visa,Mobile,Low,Credit_Card,Timeout,Buyer
TS-039,V00079,Chrome,Visa,Tablet,High,Credit_Card,Timeout,Buyer
TS-039,V00080,Chrome,Visa,Tablet,Medium,Credit_Card,Timeout,Buyer
TS-039,V00081,Chrome,Visa,Tablet,Low,Credit_Card,Timeout,Buyer
TS-039,V00082,Firefox,Visa,Desktop,High,Credit_Card,Timeout,Buyer
TS-039,V00083,Firefox,Visa,Desktop,Medium,Credit_Card,Timeout,Buyer
TS-039,V00084,Firefox,Visa,Desktop,Low,Credit_Card,Timeout,Buyer
TS-039,V00085,Firefox,Visa,Mobile,High,Credit_Card,Timeout,Buyer
TS-039,V00086,Firefox,Visa,Mobile,Medium,Credit_Card,Timeout,Buyer
TS-039,V00087,Firefox,Visa,Mobile,Low,Credit_Card,Timeout,Buyer
TS-039,V00088,Firefox,Visa,Tablet,High,Credit_Card,Timeout,Buyer
TS-039,V00089,Firefox,Visa,Tablet,Medium,Credit_Card,Timeout,Buyer
TS-039,V00090,Firefox,Visa,Tablet,Low,Credit_Card,Timeout,Buyer
TS-039,V00091,Safari,Visa,Desktop,High,Credit_Card,Timeout,Buyer
TS-039,V00092,Safari,Visa,Desktop,Medium,Credit_Card,Timeout,Buyer
TS-039,V00093,Safari,Visa,Desktop,Low,Credit_Card,Timeout,Buyer
TS-039,V00094,Safari,Visa,Mobile,High,Credit_Card,Timeout,Buyer
TS-039,V00095,Safari,Visa,Mobile,Medium,Credit_Card,Timeout,Buyer
TS-039,V00096,Safari,Visa,Mobile,Low,Credit_Card,Timeout,Buyer
TS-039,V00097,Safari,Visa,Tablet,High,Credit_Card,Timeout,Buyer
TS-039,V00098,Safari,Visa,Tablet,Medium,Credit_Card,Timeout,Buyer
TS-039,V00099,Safari,Visa,Tablet,Low,Credit_Card,Timeout,Buyer
TS-039,V00100,Edge,Visa,Desktop,High,Credit_Card,Timeout,Buyer
TS-039,V00101,Edge,Visa,Desktop,Medium,Credit_Card,Timeout,Buyer
TS-039,V00102,Edge,Visa,Desktop,Low,Credit_Card,Timeout,Buyer
TS-039,V00103,Edge,Visa,Mobile,High,Credit_Card,Timeout,Buyer
TS-039,V00104,Edge,Visa,Mobile,Medium,Credit_Card,Timeout,Buyer
TS-039,V00105,Edge,Visa,Mobile,Low,Credit_Card,Timeout,Buyer
TS-039,V00106,Edge,Visa,Tablet,High,Credit_Card,Timeout,Buyer
TS-039,V00107,Edge,Visa,Tablet,Medium,Credit_Card,Timeout,Buyer
TS-039,V00108,Edge,Visa,Tablet,Low,Credit_Card,Timeout,Buyer
TS-039,V00109,Chrome,Mastercard,Desktop,High,Credit_Card,Success,Buyer
TS-039,V00110,Chrome,Mastercard,Desktop,Medium,Credit_Card,Success,Buyer
TS-039,V00111,Chrome,Mastercard,Desktop,Low,Credit_Card,Success,Buyer
TS-039,V00112,Chrome,Mastercard,Mobile,High,Credit_Card,Success,Buyer
TS-039,V00113,Chrome,Mastercard,Mobile,Medium,Credit_Card,Success,Buyer
TS-039,V00114,Chrome,Mastercard,Mobile,Low,Credit_Card,Success,Buyer
TS-039,V00115,Chrome,Mastercard,Tablet,High,Credit_Card,Success,Buyer
TS-039,V00116,Chrome,Mastercard,Tablet,Medium,Credit_Card,Success,Buyer
TS-039,V00117,Chrome,Mastercard,Tablet,Low,Credit_Card,Success,Buyer
TS-039,V00118,Firefox,Mastercard,Desktop,High,Credit_Card,Success,Buyer
TS-039,V00119,Firefox,Mastercard,Desktop,Medium,Credit_Card,Success,Buyer
TS-039,V00120,Firefox,Mastercard,Desktop,Low,Credit_Card,Success,Buyer
TS-039,V00121,Firefox,Mastercard,Mobile,High,Credit_Card,Success,Buyer
TS-039,V00122,Firefox,Mastercard,Mobile,Medium,Credit_Card,Success,Buyer
TS-039,V00123,Firefox,Mastercard,Mobile,Low,Credit_Card,Success,Buyer
TS-039,V00124,Firefox,Mastercard,Tablet,High,Credit_Card,Success,Buyer
TS-039,V00125,Firefox,Mastercard,Tablet,Medium,Credit_Card,Success,Buyer
TS-039,V00126,Firefox,Mastercard,Tablet,Low,Credit_Card,Success,Buyer
TS-039,V00127,Safari,Mastercard,Desktop,High,Credit_Card,Success,Buyer
TS-039,V00128,Safari,Mastercard,Desktop,Medium,Credit_Card,Success,Buyer
TS-039,V00129,Safari,Mastercard,Desktop,Low,Credit_Card,Success,Buyer
TS-039,V00130,Safari,Mastercard,Mobile,High,Credit_Card,Success,Buyer
TS-039,V00131,Safari,Mastercard,Mobile,Medium,Credit_Card,Success,Buyer
TS-039,V00132,Safari,Mastercard,Mobile,Low,Credit_Card,Success,Buyer
TS-039,V00133,Safari,Mastercard,Tablet,High,Credit_Card,Success,Buyer
TS-039,V00134,Safari,Mastercard,Tablet,Medium,Credit_Card,Success,Buyer
TS-039,V00135,Safari,Mastercard,Tablet,Low,Credit_Card,Success,Buyer
TS-039,V00136,Edge,Mastercard,Desktop,High,Credit_Card,Success,Buyer
TS-039,V00137,Edge,Mastercard,Desktop,Medium,Credit_Card,Success,Buyer
TS-039,V00138,Edge,Mastercard,Desktop,Low,Credit_Card,Success,Buyer
TS-039,V00139,Edge,Mastercard,Mobile,High,Credit_Card,Success,Buyer
TS-039,V00140,Edge,Mastercard,Mobile,Medium,Credit_Card,Success,Buyer
TS-039,V00141,Edge,Mastercard,Mobile,Low,Credit_Card,Success,Buyer
TS-039,V00142,Edge,Mastercard,Tablet,High,Credit_Card,Success,Buyer
TS-039,V00143,Edge,Mastercard,Tablet,Medium,Credit_Card,Success,Buyer
TS-039,V00144,Edge,Mastercard,Tablet,Low,Credit_Card,Success,Buyer
TS-039,V00145,Chrome,Mastercard,Desktop,High,Credit_Card,Declined,Buyer
TS-039,V00146,Chrome,Mastercard,Desktop,Medium,Credit_Card,Declined,Buyer
TS-039,V00147,Chrome,Mastercard,Desktop,Low,Credit_Card,Declined,Buyer
TS-039,V00148,Chrome,Mastercard,Mobile,High,Credit_Card,Declined,Buyer
TS-039,V00149,Chrome,Mastercard,Mobile,Medium,Credit_Card,Declined,Buyer
TS-039,V00150,Chrome,Mastercard,Mobile,Low,Credit_Card,Declined,Buyer
TS-039,V00151,Chrome,Mastercard,Tablet,High,Credit_Card,Declined,Buyer
TS-039,V00152,Chrome,Mastercard,Tablet,Medium,Credit_Card,Declined,Buyer
TS-039,V00153,Chrome,Mastercard,Tablet,Low,Credit_Card,Declined,Buyer
TS-039,V00154,Firefox,Mastercard,Desktop,High,Credit_Card,Declined,Buyer
TS-039,V00155,Firefox,Mastercard,Desktop,Medium,Credit_Card,Declined,Buyer
TS-039,V00156,Firefox,Mastercard,Desktop,Low,Credit_Card,Declined,Buyer
TS-039,V00157,Firefox,Mastercard,Mobile,High,Credit_Card,Declined,Buyer
TS-039,V00158,Firefox,Mastercard,Mobile,Medium,Credit_Card,Declined,Buyer
TS-039,V00159,Firefox,Mastercard,Mobile,Low,Credit_Card,Declined,Buyer
TS-039,V00160,Firefox,Mastercard,Tablet,High,Credit_Card,Declined,Buyer
TS-039,V00161,Firefox,Mastercard,Tablet,Medium,Credit_Card,Declined,Buyer
TS-039,V00162,Firefox,Mastercard,Tablet,Low,Credit_Card,Declined,Buyer
TS-039,V00163,Safari,Mastercard,Desktop,High,Credit_Card,Declined,Buyer
TS-039,V00164,Safari,Mastercard,Desktop,Medium,Credit_Card,Declined,Buyer
TS-039,V00165,Safari,Mastercard,Desktop,Low,Credit_Card,Declined,Buyer
TS-039,V00166,Safari,Mastercard,Mobile,High,Credit_Card,Declined,Buyer
TS-039,V00167,Safari,Mastercard,Mobile,Medium,Credit_Card,Declined,Buyer
TS-039,V00168,Safari,Mastercard,Mobile,Low,Credit_Card,Declined,Buyer
TS-039,V00169,Safari,Mastercard,Tablet,High,Credit_Card,Declined,Buyer
TS-039,V00170,Safari,Mastercard,Tablet,Medium,Credit_Card,Declined,Buyer
TS-039,V00171,Safari,Mastercard,Tablet,Low,Credit_Card,Declined,Buyer
TS-039,V00172,Edge,Mastercard,Desktop,High,Credit_Card,Declined,Buyer
TS-039,V00173,Edge,Mastercard,Desktop,Medium,Credit_Card,Declined,Buyer
TS-039,V00174,Edge,Mastercard,Desktop,Low,Credit_Card,Declined,Buyer
TS-039,V00175,Edge,Mastercard,Mobile,High,Credit_Card,Declined,Buyer
TS-039,V00176,Edge,Mastercard,Mobile,Medium,Credit_Card,Declined,Buyer
TS-039,V00177,Edge,Mastercard,Mobile,Low,Credit_Card,Declined,Buyer
TS-039,V00178,Edge,Mastercard,Tablet,High,Credit_Card,Declined,Buyer
TS-039,V00179,Edge,Mastercard,Tablet,Medium,Credit_Card,Declined,Buyer
TS-039,V00180,Edge,Mastercard,Tablet,Low,Credit_Card,Declined,Buyer
TS-039,V00181,Chrome,Mastercard,Desktop,High,Credit_Card,Timeout,Buyer
TS-039,V00182,Chrome,Mastercard,Desktop,Medium,Credit_Card,Timeout,Buyer
TS-039,V00183,Chrome,Mastercard,Desktop,Low,Credit_Card,Timeout,Buyer
TS-039,V00184,Chrome,Mastercard,Mobile,High,Credit_Card,Timeout,Buyer
TS-039,V00185,Chrome,Mastercard,Mobile,Medium,Credit_Card,Timeout,Buyer
TS-039,V00186,Chrome,Mastercard,Mobile,Low,Credit_Card,Timeout,Buyer
TS-039,V00187,Chrome,Mastercard,Tablet,High,Credit_Card,Timeout,Buyer
TS-039,V00188,Chrome,Mastercard,Tablet,Medium,Credit_Card,Timeout,Buyer
TS-039,V00189,Chrome,Mastercard,Tablet,Low,Credit_Card,Timeout,Buyer
TS-039,V00190,Firefox,Mastercard,Desktop,High,Credit_Card,Timeout,Buyer
TS-039,V00191,Firefox,Mastercard,Desktop,Medium,Credit_Card,Timeout,Buyer
TS-039,V00192,Firefox,Mastercard,Desktop,Low,Credit_Card,Timeout,Buyer
TS-039,V00193,Firefox,Mastercard,Mobile,High,Credit_Card,Timeout,Buyer
TS-039,V00194,Firefox,Mastercard,Mobile,Medium,Credit_Card,Timeout,Buyer
TS-039,V00195,Firefox,Mastercard,Mobile,Low,Credit_Card,Timeout,Buyer
TS-039,V00196,Firefox,Mastercard,Tablet,High,Credit_Card,Timeout,Buyer
TS-039,V00197,Firefox,Mastercard,Tablet,Medium,Credit_Card,Timeout,Buyer
TS-039,V00198,Firefox,Mastercard,Tablet,Low,Credit_Card,Timeout,Buyer
TS-039,V00199,Safari,Mastercard,Desktop,High,Credit_Card,Timeout,Buyer
TS-039,V00200,Safari,Mastercard,Desktop,Medium,Credit_Card,Timeout,Buyer
TS-039,V00201,Safari,Mastercard,Desktop,Low,Credit_Card,Timeout,Buyer
TS-039,V00202,Safari,Mastercard,Mobile,High,Credit_Card,Timeout,Buyer
TS-039,V00203,Safari,Mastercard,Mobile,Medium,Credit_Card,Timeout,Buyer
TS-039,V00204,Safari,Mastercard,Mobile,Low,Credit_Card,Timeout,Buyer
TS-039,V00205,Safari,Mastercard,Tablet,High,Credit_Card,Timeout,Buyer
TS-039,V00206,Safari,Mastercard,Tablet,Medium,Credit_Card,Timeout,Buyer
TS-039,V00207,Safari,Mastercard,Tablet,Low,Credit_Card,Timeout,Buyer
TS-039,V00208,Edge,Mastercard,Desktop,High,Credit_Card,Timeout,Buyer
TS-039,V00209,Edge,Mastercard,Desktop,Medium,Credit_Card,Timeout,Buyer
TS-039,V00210,Edge,Mastercard,Desktop,Low,Credit_Card,Timeout,Buyer
TS-039,V00211,Edge,Mastercard,Mobile,High,Credit_Card,Timeout,Buyer
TS-039,V00212,Edge,Mastercard,Mobile,Medium,Credit_Card,Timeout,Buyer
TS-039,V00213,Edge,Mastercard,Mobile,Low,Credit_Card,Timeout,Buyer
TS-039,V00214,Edge,Mastercard,Tablet,High,Credit_Card,Timeout,Buyer
TS-039,V00215,Edge,Mastercard,Tablet,Medium,Credit_Card,Timeout,Buyer
TS-039,V00216,Edge,Mastercard,Tablet,Low,Credit_Card,Timeout,Buyer
TS-039,V00217,Chrome,Amex,Desktop,High,Credit_Card,Success,Buyer
TS-039,V00218,Chrome,Amex,Desktop,Medium,Credit_Card,Success,Buyer
TS-039,V00219,Chrome,Amex,Desktop,Low,Credit_Card,Success,Buyer
TS-039,V00220,Chrome,Amex,Mobile,High,Credit_Card,Success,Buyer
TS-039,V00221,Chrome,Amex,Mobile,Medium,Credit_Card,Success,Buyer
TS-039,V00222,Chrome,Amex,Mobile,Low,Credit_Card,Success,Buyer
TS-039,V00223,Chrome,Amex,Tablet,High,Credit_Card,Success,Buyer
TS-039,V00224,Chrome,Amex,Tablet,Medium,Credit_Card,Success,Buyer
TS-039,V00225,Chrome,Amex,Tablet,Low,Credit_Card,Success,Buyer
TS-039,V00226,Firefox,Amex,Desktop,High,Credit_Card,Success,Buyer
TS-039,V00227,Firefox,Amex,Desktop,Medium,Credit_Card,Success,Buyer
TS-039,V00228,Firefox,Amex,Desktop,Low,Credit_Card,Success,Buyer
TS-039,V00229,Firefox,Amex,Mobile,High,Credit_Card,Success,Buyer
TS-039,V00230,Firefox,Amex,Mobile,Medium,Credit_Card,Success,Buyer
TS-039,V00231,Firefox,Amex,Mobile,Low,Credit_Card,Success,Buyer
TS-039,V00232,Firefox,Amex,Tablet,High,Credit_Card,Success,Buyer
TS-039,V00233,Firefox,Amex,Tablet,Medium,Credit_Card,Success,Buyer
TS-039,V00234,Firefox,Amex,Tablet,Low,Credit_Card,Success,Buyer
TS-039,V00235,Safari,Amex,Desktop,High,Credit_Card,Success,Buyer
TS-039,V00236,Safari,Amex,Desktop,Medium,Credit_Card,Success,Buyer
TS-039,V00237,Safari,Amex,Desktop,Low,Credit_Card,Success,Buyer
TS-039,V00238,Safari,Amex,Mobile,High,Credit_Card,Success,Buyer
TS-039,V00239,Safari,Amex,Mobile,Medium,Credit_Card,Success,Buyer
TS-039,V00240,Safari,Amex,Mobile,Low,Credit_Card,Success,Buyer
TS-039,V00241,Safari,Amex,Tablet,High,Credit_Card,Success,Buyer
TS-039,V00242,Safari,Amex,Tablet,Medium,Credit_Card,Success,Buyer
TS-039,V00243,Safari,Amex,Tablet,Low,Credit_Card,Success,Buyer
TS-039,V00244,Edge,Amex,Desktop,High,Credit_Card,Success,Buyer
TS-039,V00245,Edge,Amex,Desktop,Medium,Credit_Card,Success,Buyer
TS-039,V00246,Edge,Amex,Desktop,Low,Credit_Card,Success,Buyer
TS-039,V00247,Edge,Amex,Mobile,High,Credit_Card,Success,Buyer
TS-039,V00248,Edge,Amex,Mobile,Medium,Credit_Card,Success,Buyer
TS-039,V00249,Edge,Amex,Mobile,Low,Credit_Card,Success,Buyer
TS-039,V00250,Edge,Amex,Tablet,High,Credit_Card,Success,Buyer
TS-039,V00251,Edge,Amex,Tablet,Medium,Credit_Card,Success,Buyer
TS-039,V00252,Edge,Amex,Tablet,Low,Credit_Card,Success,Buyer
TS-039,V00253,Chrome,Amex,Desktop,High,Credit_Card,Declined,Buyer
TS-039,V00254,Chrome,Amex,Desktop,Medium,Credit_Card,Declined,Buyer
TS-039,V00255,Chrome,Amex,Desktop,Low,Credit_Card,Declined,Buyer
TS-039,V00256,Chrome,Amex,Mobile,High,Credit_Card,Declined,Buyer
TS-039,V00257,Chrome,Amex,Mobile,Medium,Credit_Card,Declined,Buyer
TS-039,V00258,Chrome,Amex,Mobile,Low,Credit_Card,Declined,Buyer
TS-039,V00259,Chrome,Amex,Tablet,High,Credit_Card,Declined,Buyer
TS-039,V00260,Chrome,Amex,Tablet,Medium,Credit_Card,Declined,Buyer
TS-039,V00261,Chrome,Amex,Tablet,Low,Credit_Card,Declined,Buyer
TS-039,V00262,Firefox,Amex,Desktop,High,Credit_Card,Declined,Buyer
TS-039,V00263,Firefox,Amex,Desktop,Medium,Credit_Card,Declined,Buyer
TS-039,V00264,Firefox,Amex,Desktop,Low,Credit_Card,Declined,Buyer
TS-039,V00265,Firefox,Amex,Mobile,High,Credit_Card,Declined,Buyer
TS-039,V00266,Firefox,Amex,Mobile,Medium,Credit_Card,Declined,Buyer
TS-039,V00267,Firefox,Amex,Mobile,Low,Credit_Card,Declined,Buyer
TS-039,V00268,Firefox,Amex,Tablet,High,Credit_Card,Declined,Buyer
TS-039,V00269,Firefox,Amex,Tablet,Medium,Credit_Card,Declined,Buyer
TS-039,V00270,Firefox,Amex,Tablet,Low,Credit_Card,Declined,Buyer
TS-039,V00271,Safari,Amex,Desktop,High,Credit_Card,Declined,Buyer
TS-039,V00272,Safari,Amex,Desktop,Medium,Credit_Card,Declined,Buyer
TS-039,V00273,Safari,Amex,Desktop,Low,Credit_Card,Declined,Buyer
TS-039,V00274,Safari,Amex,Mobile,High,Credit_Card,Declined,Buyer
TS-039,V00275,Safari,Amex,Mobile,Medium,Credit_Card,Declined,Buyer
TS-039,V00276,Safari,Amex,Mobile,Low,Credit_Card,Declined,Buyer
TS-039,V00277,Safari,Amex,Tablet,High,Credit_Card,Declined,Buyer
TS-039,V00278,Safari,Amex,Tablet,Medium,Credit_Card,Declined,Buyer
TS-039,V00279,Safari,Amex,Tablet,Low,Credit_Card,Declined,Buyer
TS-039,V00280,Edge,Amex,Desktop,High,Credit_Card,Declined,Buyer
TS-039,V00281,Edge,Amex,Desktop,Medium,Credit_Card,Declined,Buyer
TS-039,V00282,Edge,Amex,Desktop,Low,Credit_Card,Declined,Buyer
TS-039,V00283,Edge,Amex,Mobile,High,Credit_Card,Declined,Buyer
TS-039,V00284,Edge,Amex,Mobile,Medium,Credit_Card,Declined,Buyer
TS-039,V00285,Edge,Amex,Mobile,Low,Credit_Card,Declined,Buyer
TS-039,V00286,Edge,Amex,Tablet,High,Credit_Card,Declined,Buyer
TS-039,V00287,Edge,Amex,Tablet,Medium,Credit_Card,Declined,Buyer
TS-039,V00288,Edge,Amex,Tablet,Low,Credit_Card,Declined,Buyer
TS-039,V00289,Chrome,Amex,Desktop,High,Credit_Card,Timeout,Buyer
TS-039,V00290,Chrome,Amex,Desktop,Medium,Credit_Card,Timeout,Buyer
TS-039,V00291,Chrome,Amex,Desktop,Low,Credit_Card,Timeout,Buyer
TS-039,V00292,Chrome,Amex,Mobile,High,Credit_Card,Timeout,Buyer
TS-039,V00293,Chrome,Amex,Mobile,Medium,Credit_Card,Timeout,Buyer
TS-039,V00294,Chrome,Amex,Mobile,Low,Credit_Card,Timeout,Buyer
TS-039,V00295,Chrome,Amex,Tablet,High,Credit_Card,Timeout,Buyer
TS-039,V00296,Chrome,Amex,Tablet,Medium,Credit_Card,Timeout,Buyer
TS-039,V00297,Chrome,Amex,Tablet,Low,Credit_Card,Timeout,Buyer
TS-039,V00298,Firefox,Amex,Desktop,High,Credit_Card,Timeout,Buyer
TS-039,V00299,Firefox,Amex,Desktop,Medium,Credit_Card,Timeout,Buyer
TS-039,V00300,Firefox,Amex,Desktop,Low,Credit_Card,Timeout,Buyer
TS-039,V00301,Firefox,Amex,Mobile,High,Credit_Card,Timeout,Buyer
TS-039,V00302,Firefox,Amex,Mobile,Medium,Credit_Card,Timeout,Buyer
TS-039,V00303,Firefox,Amex,Mobile,Low,Credit_Card,Timeout,Buyer
TS-039,V00304,Firefox,Amex,Tablet,High,Credit_Card,Timeout,Buyer
TS-039,V00305,Firefox,Amex,Tablet,Medium,Credit_Card,Timeout,Buyer
TS-039,V00306,Firefox,Amex,Tablet,Low,Credit_Card,Timeout,Buyer
TS-039,V00307,Safari,Amex,Desktop,High,Credit_Card,Timeout,Buyer
TS-039,V00308,Safari,Amex,Desktop,Medium,Credit_Card,Timeout,Buyer
TS-039,V00309,Safari,Amex,Desktop,Low,Credit_Card,Timeout,Buyer
TS-039,V00310,Safari,Amex,Mobile,High,Credit_Card,Timeout,Buyer
TS-039,V00311,Safari,Amex,Mobile,Medium,Credit_Card,Timeout,Buyer
TS-039,V00312,Safari,Amex,Mobile,Low,Credit_Card,Timeout,Buyer
TS-039,V00313,Safari,Amex,Tablet,High,Credit_Card,Timeout,Buyer
TS-039,V00314,Safari,Amex,Tablet,Medium,Credit_Card,Timeout,Buyer
TS-039,V00315,Safari,Amex,Tablet,Low,Credit_Card,Timeout,Buyer
TS-039,V00316,Edge,Amex,Desktop,High,Credit_Card,Timeout,Buyer
TS-039,V00317,Edge,Amex,Desktop,Medium,Credit_Card,Timeout,Buyer
TS-039,V00318,Edge,Amex,Desktop,Low,Credit_Card,Timeout,Buyer
TS-039,V00319,Edge,Amex,Mobile,High,Credit_Card,Timeout,Buyer
TS-039,V00320,Edge,Amex,Mobile,Medium,Credit_Card,Timeout,Buyer
TS-039,V00321,Edge,Amex,Mobile,Low,Credit_Card,Timeout,Buyer
TS-039,V00322,Edge,Amex,Tablet,High,Credit_Card,Timeout,Buyer
TS-039,V00323,Edge,Amex,Tablet,Medium,Credit_Card,Timeout,Buyer
TS-039,V00324,Edge,Amex,Tablet,Low,Credit_Card,Timeout,Buyer
TS-039,V00325,Chrome,Discover,Desktop,High,Credit_Card,Success,Buyer
TS-039,V00326,Chrome,Discover,Desktop,Medium,Credit_Card,Success,Buyer
TS-039,V00327,Chrome,Discover,Desktop,Low,Credit_Card,Success,Buyer
TS-039,V00328,Chrome,Discover,Mobile,High,Credit_Card,Success,Buyer
TS-039,V00329,Chrome,Discover,Mobile,Medium,Credit_Card,Success,Buyer
TS-039,V00330,Chrome,Discover,Mobile,Low,Credit_Card,Success,Buyer
TS-039,V00331,Chrome,Discover,Tablet,High,Credit_Card,Success,Buyer
TS-039,V00332,Chrome,Discover,Tablet,Medium,Credit_Card,Success,Buyer
TS-039,V00333,Chrome,Discover,Tablet,Low,Credit_Card,Success,Buyer
TS-039,V00334,Firefox,Discover,Desktop,High,Credit_Card,Success,Buyer
TS-039,V00335,Firefox,Discover,Desktop,Medium,Credit_Card,Success,Buyer
TS-039,V00336,Firefox,Discover,Desktop,Low,Credit_Card,Success,Buyer
TS-039,V00337,Firefox,Discover,Mobile,High,Credit_Card,Success,Buyer
TS-039,V00338,Firefox,Discover,Mobile,Medium,Credit_Card,Success,Buyer
TS-039,V00339,Firefox,Discover,Mobile,Low,Credit_Card,Success,Buyer
TS-039,V00340,Firefox,Discover,Tablet,High,Credit_Card,Success,Buyer
TS-039,V00341,Firefox,Discover,Tablet,Medium,Credit_Card,Success,Buyer
TS-039,V00342,Firefox,Discover,Tablet,Low,Credit_Card,Success,Buyer
TS-039,V00343,Safari,Discover,Desktop,High,Credit_Card,Success,Buyer
TS-039,V00344,Safari,Discover,Desktop,Medium,Credit_Card,Success,Buyer
TS-039,V00345,Safari,Discover,Desktop,Low,Credit_Card,Success,Buyer
TS-039,V00346,Safari,Discover,Mobile,High,Credit_Card,Success,Buyer
TS-039,V00347,Safari,Discover,Mobile,Medium,Credit_Card,Success,Buyer
TS-039,V00348,Safari,Discover,Mobile,Low,Credit_Card,Success,Buyer
TS-039,V00349,Safari,Discover,Tablet,High,Credit_Card,Success,Buyer
TS-039,V00350,Safari,Discover,Tablet,Medium,Credit_Card,Success,Buyer
TS-039,V00351,Safari,Discover,Tablet,Low,Credit_Card,Success,Buyer
TS-039,V00352,Edge,Discover,Desktop,High,Credit_Card,Success,Buyer
TS-039,V00353,Edge,Discover,Desktop,Medium,Credit_Card,Success,Buyer
TS-039,V00354,Edge,Discover,Desktop,Low,Credit_Card,Success,Buyer
TS-039,V00355,Edge,Discover,Mobile,High,Credit_Card,Success,Buyer
TS-039,V00356,Edge,Discover,Mobile,Medium,Credit_Card,Success,Buyer
TS-039,V00357,Edge,Discover,Mobile,Low,Credit_Card,Success,Buyer
TS-039,V00358,Edge,Discover,Tablet,High,Credit_Card,Success,Buyer
TS-039,V00359,Edge,Discover,Tablet,Medium,Credit_Card,Success,Buyer
TS-039,V00360,Edge,Discover,Tablet,Low,Credit_Card,Success,Buyer
TS-039,V00361,Chrome,Discover,Desktop,High,Credit_Card,Declined,Buyer
TS-039,V00362,Chrome,Discover,Desktop,Medium,Credit_Card,Declined,Buyer
TS-039,V00363,Chrome,Discover,Desktop,Low,Credit_Card,Declined,Buyer
TS-039,V00364,Chrome,Discover,Mobile,High,Credit_Card,Declined,Buyer
TS-039,V00365,Chrome,Discover,Mobile,Medium,Credit_Card,Declined,Buyer
TS-039,V00366,Chrome,Discover,Mobile,Low,Credit_Card,Declined,Buyer
TS-039,V00367,Chrome,Discover,Tablet,High,Credit_Card,Declined,Buyer
TS-039,V00368,Chrome,Discover,Tablet,Medium,Credit_Card,Declined,Buyer
TS-039,V00369,Chrome,Discover,Tablet,Low,Credit_Card,Declined,Buyer
TS-039,V00370,Firefox,Discover,Desktop,High,Credit_Card,Declined,Buyer
TS-039,V00371,Firefox,Discover,Desktop,Medium,Credit_Card,Declined,Buyer
TS-039,V00372,Firefox,Discover,Desktop,Low,Credit_Card,Declined,Buyer
TS-039,V00373,Firefox,Discover,Mobile,High,Credit_Card,Declined,Buyer
TS-039,V00374,Firefox,Discover,Mobile,Medium,Credit_Card,Declined,Buyer
TS-039,V00375,Firefox,Discover,Mobile,Low,Credit_Card,Declined,Buyer
TS-039,V00376,Firefox,Discover,Tablet,High,Credit_Card,Declined,Buyer
TS-039,V00377,Firefox,Discover,Tablet,Medium,Credit_Card,Declined,Buyer
TS-039,V00378,Firefox,Discover,Tablet,Low,Credit_Card,Declined,Buyer
TS-039,V00379,Safari,Discover,Desktop,High,Credit_Card,Declined,Buyer
TS-039,V00380,Safari,Discover,Desktop,Medium,Credit_Card,Declined,Buyer
TS-039,V00381,Safari,Discover,Desktop,Low,Credit_Card,Declined,Buyer
TS-039,V00382,Safari,Discover,Mobile,High,Credit_Card,Declined,Buyer
TS-039,V00383,Safari,Discover,Mobile,Medium,Credit_Card,Declined,Buyer
TS-039,V00384,Safari,Discover,Mobile,Low,Credit_Card,Declined,Buyer
TS-039,V00385,Safari,Discover,Tablet,High,Credit_Card,Declined,Buyer
TS-039,V00386,Safari,Discover,Tablet,Medium,Credit_Card,Declined,Buyer
TS-039,V00387,Safari,Discover,Tablet,Low,Credit_Card,Declined,Buyer
TS-039,V00388,Edge,Discover,Desktop,High,Credit_Card,Declined,Buyer
TS-039,V00389,Edge,Discover,Desktop,Medium,Credit_Card,Declined,Buyer
TS-039,V00390,Edge,Discover,Desktop,Low,Credit_Card,Declined,Buyer
TS-039,V00391,Edge,Discover,Mobile,High,Credit_Card,Declined,Buyer
TS-039,V00392,Edge,Discover,Mobile,Medium,Credit_Card,Declined,Buyer
TS-039,V00393,Edge,Discover,Mobile,Low,Credit_Card,Declined,Buyer
TS-039,V00394,Edge,Discover,Tablet,High,Credit_Card,Declined,Buyer
TS-039,V00395,Edge,Discover,Tablet,Medium,Credit_Card,Declined,Buyer
TS-039,V00396,Edge,Discover,Tablet,Low,Credit_Card,Declined,Buyer
TS-039,V00397,Chrome,Discover,Desktop,High,Credit_Card,Timeout,Buyer
TS-039,V00398,Chrome,Discover,Desktop,Medium,Credit_Card,Timeout,Buyer
TS-039,V00399,Chrome,Discover,Desktop,Low,Credit_Card,Timeout,Buyer
TS-039,V00400,Chrome,Discover,Mobile,High,Credit_Card,Timeout,Buyer
TS-039,V00401,Chrome,Discover,Mobile,Medium,Credit_Card,Timeout,Buyer
TS-039,V00402,Chrome,Discover,Mobile,Low,Credit_Card,Timeout,Buyer
TS-039,V00403,Chrome,Discover,Tablet,High,Credit_Card,Timeout,Buyer
TS-039,V00404,Chrome,Discover,Tablet,Medium,Credit_Card,Timeout,Buyer
TS-039,V00405,Chrome,Discover,Tablet,Low,Credit_Card,Timeout,Buyer
TS-039,V00406,Firefox,Discover,Desktop,High,Credit_Card,Timeout,Buyer
TS-039,V00407,Firefox,Discover,Desktop,Medium,Credit_Card,Timeout,Buyer
TS-039,V00408,Firefox,Discover,Desktop,Low,Credit_Card,Timeout,Buyer
TS-039,V00409,Firefox,Discover,Mobile,High,Credit_Card,Timeout,Buyer
TS-039,V00410,Firefox,Discover,Mobile,Medium,Credit_Card,Timeout,Buyer
TS-039,V00411,Firefox,Discover,Mobile,Low,Credit_Card,Timeout,Buyer
TS-039,V00412,Firefox,Discover,Tablet,High,Credit_Card,Timeout,Buyer
TS-039,V00413,Firefox,Discover,Tablet,Medium,Credit_Card,Timeout,Buyer
TS-039,V00414,Firefox,Discover,Tablet,Low,Credit_Card,Timeout,Buyer
TS-039,V00415,Safari,Discover,Desktop,High,Credit_Card,Timeout,Buyer
TS-039,V00416,Safari,Discover,Desktop,Medium,Credit_Card,Timeout,Buyer
TS-039,V00417,Safari,Discover,Desktop,Low,Credit_Card,Timeout,Buyer
TS-039,V00418,Safari,Discover,Mobile,High,Credit_Card,Timeout,Buyer
TS-039,V00419,Safari,Discover,Mobile,Medium,Credit_Card,Timeout,Buyer
TS-039,V00420,Safari,Discover,Mobile,Low,Credit_Card,Timeout,Buyer
TS-039,V00421,Safari,Discover,Tablet,High,Credit_Card,Timeout,Buyer
TS-039,V00422,Safari,Discover,Tablet,Medium,Credit_Card,Timeout,Buyer
TS-039,V00423,Safari,Discover,Tablet,Low,Credit_Card,Timeout,Buyer
TS-039,V00424,Edge,Discover,Desktop,High,Credit_Card,Timeout,Buyer
TS-039,V00425,Edge,Discover,Desktop,Medium,Credit_Card,Timeout,Buyer
TS-039,V00426,Edge,Discover,Desktop,Low,Credit_Card,Timeout,Buyer
TS-039,V00427,Edge,Discover,Mobile,High,Credit_Card,Timeout,Buyer
TS-039,V00428,Edge,Discover,Mobile,Medium,Credit_Card,Timeout,Buyer
TS-039,V00429,Edge,Discover,Mobile,Low,Credit_Card,Timeout,Buyer
TS-039,V00430,Edge,Discover,Tablet,High,Credit_Card,Timeout,Buyer
TS-039,V00431,Edge,Discover,Tablet,Medium,Credit_Card,Timeout,Buyer
TS-039,V00432,Edge,Discover,Tablet,Low,Credit_Card,Timeout,Buyer
TS-039,V00433,Chrome,Visa,Desktop,High,Debit_Card,Success,Buyer
TS-039,V00434,Chrome,Visa,Desktop,Medium,Debit_Card,Success,Buyer
TS-039,V00435,Chrome,Visa,Desktop,Low,Debit_Card,Success,Buyer
TS-039,V00436,Chrome,Visa,Mobile,High,Debit_Card,Success,Buyer
TS-039,V00437,Chrome,Visa,Mobile,Medium,Debit_Card,Success,Buyer
TS-039,V00438,Chrome,Visa,Mobile,Low,Debit_Card,Success,Buyer
TS-039,V00439,Chrome,Visa,Tablet,High,Debit_Card,Success,Buyer
TS-039,V00440,Chrome,Visa,Tablet,Medium,Debit_Card,Success,Buyer
TS-039,V00441,Chrome,Visa,Tablet,Low,Debit_Card,Success,Buyer
TS-039,V00442,Firefox,Visa,Desktop,High,Debit_Card,Success,Buyer
TS-039,V00443,Firefox,Visa,Desktop,Medium,Debit_Card,Success,Buyer
TS-039,V00444,Firefox,Visa,Desktop,Low,Debit_Card,Success,Buyer
TS-039,V00445,Firefox,Visa,Mobile,High,Debit_Card,Success,Buyer
TS-039,V00446,Firefox,Visa,Mobile,Medium,Debit_Card,Success,Buyer
TS-039,V00447,Firefox,Visa,Mobile,Low,Debit_Card,Success,Buyer
TS-039,V00448,Firefox,Visa,Tablet,High,Debit_Card,Success,Buyer
TS-039,V00449,Firefox,Visa,Tablet,Medium,Debit_Card,Success,Buyer
TS-039,V00450,Firefox,Visa,Tablet,Low,Debit_Card,Success,Buyer
TS-039,V00451,Safari,Visa,Desktop,High,Debit_Card,Success,Buyer
TS-039,V00452,Safari,Visa,Desktop,Medium,Debit_Card,Success,Buyer
TS-039,V00453,Safari,Visa,Desktop,Low,Debit_Card,Success,Buyer
TS-039,V00454,Safari,Visa,Mobile,High,Debit_Card,Success,Buyer
TS-039,V00455,Safari,Visa,Mobile,Medium,Debit_Card,Success,Buyer
TS-039,V00456,Safari,Visa,Mobile,Low,Debit_Card,Success,Buyer
TS-039,V00457,Safari,Visa,Tablet,High,Debit_Card,Success,Buyer
TS-039,V00458,Safari,Visa,Tablet,Medium,Debit_Card,Success,Buyer
TS-039,V00459,Safari,Visa,Tablet,Low,Debit_Card,Success,Buyer
TS-039,V00460,Edge,Visa,Desktop,High,Debit_Card,Success,Buyer
TS-039,V00461,Edge,Visa,Desktop,Medium,Debit_Card,Success,Buyer
TS-039,V00462,Edge,Visa,Desktop,Low,Debit_Card,Success,Buyer
TS-039,V00463,Edge,Visa,Mobile,High,Debit_Card,Success,Buyer
TS-039,V00464,Edge,Visa,Mobile,Medium,Debit_Card,Success,Buyer
TS-039,V00465,Edge,Visa,Mobile,Low,Debit_Card,Success,Buyer
TS-039,V00466,Edge,Visa,Tablet,High,Debit_Card,Success,Buyer
TS-039,V00467,Edge,Visa,Tablet,Medium,Debit_Card,Success,Buyer
TS-039,V00468,Edge,Visa,Tablet,Low,Debit_Card,Success,Buyer
TS-039,V00469,Chrome,Visa,Desktop,High,Debit_Card,Declined,Buyer
TS-039,V00470,Chrome,Visa,Desktop,Medium,Debit_Card,Declined,Buyer
TS-039,V00471,Chrome,Visa,Desktop,Low,Debit_Card,Declined,Buyer
TS-039,V00472,Chrome,Visa,Mobile,High,Debit_Card,Declined,Buyer
TS-039,V00473,Chrome,Visa,Mobile,Medium,Debit_Card,Declined,Buyer
TS-039,V00474,Chrome,Visa,Mobile,Low,Debit_Card,Declined,Buyer
TS-039,V00475,Chrome,Visa,Tablet,High,Debit_Card,Declined,Buyer
TS-039,V00476,Chrome,Visa,Tablet,Medium,Debit_Card,Declined,Buyer
TS-039,V00477,Chrome,Visa,Tablet,Low,Debit_Card,Declined,Buyer
TS-039,V00478,Firefox,Visa,Desktop,High,Debit_Card,Declined,Buyer
TS-039,V00479,Firefox,Visa,Desktop,Medium,Debit_Card,Declined,Buyer
TS-039,V00480,Firefox,Visa,Desktop,Low,Debit_Card,Declined,Buyer
TS-039,V00481,Firefox,Visa,Mobile,High,Debit_Card,Declined,Buyer
TS-039,V00482,Firefox,Visa,Mobile,Medium,Debit_Card,Declined,Buyer
TS-039,V00483,Firefox,Visa,Mobile,Low,Debit_Card,Declined,Buyer
TS-039,V00484,Firefox,Visa,Tablet,High,Debit_Card,Declined,Buyer
TS-039,V00485,Firefox,Visa,Tablet,Medium,Debit_Card,Declined,Buyer
TS-039,V00486,Firefox,Visa,Tablet,Low,Debit_Card,Declined,Buyer
TS-039,V00487,Safari,Visa,Desktop,High,Debit_Card,Declined,Buyer
TS-039,V00488,Safari,Visa,Desktop,Medium,Debit_Card,Declined,Buyer
TS-039,V00489,Safari,Visa,Desktop,Low,Debit_Card,Declined,Buyer
TS-039,V00490,Safari,Visa,Mobile,High,Debit_Card,Declined,Buyer
TS-039,V00491,Safari,Visa,Mobile,Medium,Debit_Card,Declined,Buyer
TS-039,V00492,Safari,Visa,Mobile,Low,Debit_Card,Declined,Buyer
TS-039,V00493,Safari,Visa,Tablet,High,Debit_Card,Declined,Buyer
TS-039,V00494,Safari,Visa,Tablet,Medium,Debit_Card,Declined,Buyer
TS-039,V00495,Safari,Visa,Tablet,Low,Debit_Card,Declined,Buyer
TS-039,V00496,Edge,Visa,Desktop,High,Debit_Card,Declined,Buyer
TS-039,V00497,Edge,Visa,Desktop,Medium,Debit_Card,Declined,Buyer
TS-039,V00498,Edge,Visa,Desktop,Low,Debit_Card,Declined,Buyer
TS-039,V00499,Edge,Visa,Mobile,High,Debit_Card,Declined,Buyer
TS-039,V00500,Edge,Visa,Mobile,Medium,Debit_Card,Declined,Buyer
TS-039,V00501,Edge,Visa,Mobile,Low,Debit_Card,Declined,Buyer
TS-039,V00502,Edge,Visa,Tablet,High,Debit_Card,Declined,Buyer
TS-039,V00503,Edge,Visa,Tablet,Medium,Debit_Card,Declined,Buyer
TS-039,V00504,Edge,Visa,Tablet,Low,Debit_Card,Declined,Buyer
TS-039,V00505,Chrome,Visa,Desktop,High,Debit_Card,Timeout,Buyer
TS-039,V00506,Chrome,Visa,Desktop,Medium,Debit_Card,Timeout,Buyer
TS-039,V00507,Chrome,Visa,Desktop,Low,Debit_Card,Timeout,Buyer
TS-039,V00508,Chrome,Visa,Mobile,High,Debit_Card,Timeout,Buyer
TS-039,V00509,Chrome,Visa,Mobile,Medium,Debit_Card,Timeout,Buyer
TS-039,V00510,Chrome,Visa,Mobile,Low,Debit_Card,Timeout,Buyer
TS-039,V00511,Chrome,Visa,Tablet,High,Debit_Card,Timeout,Buyer
TS-039,V00512,Chrome,Visa,Tablet,Medium,Debit_Card,Timeout,Buyer
TS-039,V00513,Chrome,Visa,Tablet,Low,Debit_Card,Timeout,Buyer
TS-039,V00514,Firefox,Visa,Desktop,High,Debit_Card,Timeout,Buyer
TS-039,V00515,Firefox,Visa,Desktop,Medium,Debit_Card,Timeout,Buyer
TS-039,V00516,Firefox,Visa,Desktop,Low,Debit_Card,Timeout,Buyer
TS-039,V00517,Firefox,Visa,Mobile,High,Debit_Card,Timeout,Buyer
TS-039,V00518,Firefox,Visa,Mobile,Medium,Debit_Card,Timeout,Buyer
TS-039,V00519,Firefox,Visa,Mobile,Low,Debit_Card,Timeout,Buyer
TS-039,V00520,Firefox,Visa,Tablet,High,Debit_Card,Timeout,Buyer
TS-039,V00521,Firefox,Visa,Tablet,Medium,Debit_Card,Timeout,Buyer
TS-039,V00522,Firefox,Visa,Tablet,Low,Debit_Card,Timeout,Buyer
TS-039,V00523,Safari,Visa,Desktop,High,Debit_Card,Timeout,Buyer
TS-039,V00524,Safari,Visa,Desktop,Medium,Debit_Card,Timeout,Buyer
TS-039,V00525,Safari,Visa,Desktop,Low,Debit_Card,Timeout,Buyer
TS-039,V00526,Safari,Visa,Mobile,High,Debit_Card,Timeout,Buyer
TS-039,V00527,Safari,Visa,Mobile,Medium,Debit_Card,Timeout,Buyer
TS-039,V00528,Safari,Visa,Mobile,Low,Debit_Card,Timeout,Buyer
TS-039,V00529,Safari,Visa,Tablet,High,Debit_Card,Timeout,Buyer
TS-039,V00530,Safari,Visa,Tablet,Medium,Debit_Card,Timeout,Buyer
TS-039,V00531,Safari,Visa,Tablet,Low,Debit_Card,Timeout,Buyer
TS-039,V00532,Edge,Visa,Desktop,High,Debit_Card,Timeout,Buyer
TS-039,V00533,Edge,Visa,Desktop,Medium,Debit_Card,Timeout,Buyer
TS-039,V00534,Edge,Visa,Desktop,Low,Debit_Card,Timeout,Buyer
TS-039,V00535,Edge,Visa,Mobile,High,Debit_Card,Timeout,Buyer
TS-039,V00536,Edge,Visa,Mobile,Medium,Debit_Card,Timeout,Buyer
TS-039,V00537,Edge,Visa,Mobile,Low,Debit_Card,Timeout,Buyer
TS-039,V00538,Edge,Visa,Tablet,High,Debit_Card,Timeout,Buyer
TS-039,V00539,Edge,Visa,Tablet,Medium,Debit_Card,Timeout,Buyer
TS-039,V00540,Edge,Visa,Tablet,Low,Debit_Card,Timeout,Buyer
TS-039,V00541,Chrome,Mastercard,Desktop,High,Debit_Card,Success,Buyer
TS-039,V00542,Chrome,Mastercard,Desktop,Medium,Debit_Card,Success,Buyer
TS-039,V00543,Chrome,Mastercard,Desktop,Low,Debit_Card,Success,Buyer
TS-039,V00544,Chrome,Mastercard,Mobile,High,Debit_Card,Success,Buyer
TS-039,V00545,Chrome,Mastercard,Mobile,Medium,Debit_Card,Success,Buyer
TS-039,V00546,Chrome,Mastercard,Mobile,Low,Debit_Card,Success,Buyer
TS-039,V00547,Chrome,Mastercard,Tablet,High,Debit_Card,Success,Buyer
TS-039,V00548,Chrome,Mastercard,Tablet,Medium,Debit_Card,Success,Buyer
TS-039,V00549,Chrome,Mastercard,Tablet,Low,Debit_Card,Success,Buyer
TS-039,V00550,Firefox,Mastercard,Desktop,High,Debit_Card,Success,Buyer
TS-039,V00551,Firefox,Mastercard,Desktop,Medium,Debit_Card,Success,Buyer
TS-039,V00552,Firefox,Mastercard,Desktop,Low,Debit_Card,Success,Buyer
TS-039,V00553,Firefox,Mastercard,Mobile,High,Debit_Card,Success,Buyer
TS-039,V00554,Firefox,Mastercard,Mobile,Medium,Debit_Card,Success,Buyer
TS-039,V00555,Firefox,Mastercard,Mobile,Low,Debit_Card,Success,Buyer
TS-039,V00556,Firefox,Mastercard,Tablet,High,Debit_Card,Success,Buyer
TS-039,V00557,Firefox,Mastercard,Tablet,Medium,Debit_Card,Success,Buyer
TS-039,V00558,Firefox,Mastercard,Tablet,Low,Debit_Card,Success,Buyer
TS-039,V00559,Safari,Mastercard,Desktop,High,Debit_Card,Success,Buyer
TS-039,V00560,Safari,Mastercard,Desktop,Medium,Debit_Card,Success,Buyer
TS-039,V00561,Safari,Mastercard,Desktop,Low,Debit_Card,Success,Buyer
TS-039,V00562,Safari,Mastercard,Mobile,High,Debit_Card,Success,Buyer
TS-039,V00563,Safari,Mastercard,Mobile,Medium,Debit_Card,Success,Buyer
TS-039,V00564,Safari,Mastercard,Mobile,Low,Debit_Card,Success,Buyer
TS-039,V00565,Safari,Mastercard,Tablet,High,Debit_Card,Success,Buyer
TS-039,V00566,Safari,Mastercard,Tablet,Medium,Debit_Card,Success,Buyer
TS-039,V00567,Safari,Mastercard,Tablet,Low,Debit_Card,Success,Buyer
TS-039,V00568,Edge,Mastercard,Desktop,High,Debit_Card,Success,Buyer
TS-039,V00569,Edge,Mastercard,Desktop,Medium,Debit_Card,Success,Buyer
TS-039,V00570,Edge,Mastercard,Desktop,Low,Debit_Card,Success,Buyer
TS-039,V00571,Edge,Mastercard,Mobile,High,Debit_Card,Success,Buyer
TS-039,V00572,Edge,Mastercard,Mobile,Medium,Debit_Card,Success,Buyer
TS-039,V00573,Edge,Mastercard,Mobile,Low,Debit_Card,Success,Buyer
TS-039,V00574,Edge,Mastercard,Tablet,High,Debit_Card,Success,Buyer
TS-039,V00575,Edge,Mastercard,Tablet,Medium,Debit_Card,Success,Buyer
TS-039,V00576,Edge,Mastercard,Tablet,Low,Debit_Card,Success,Buyer
TS-039,V00577,Chrome,Mastercard,Desktop,High,Debit_Card,Declined,Buyer
TS-039,V00578,Chrome,Mastercard,Desktop,Medium,Debit_Card,Declined,Buyer
TS-039,V00579,Chrome,Mastercard,Desktop,Low,Debit_Card,Declined,Buyer
TS-039,V00580,Chrome,Mastercard,Mobile,High,Debit_Card,Declined,Buyer
TS-039,V00581,Chrome,Mastercard,Mobile,Medium,Debit_Card,Declined,Buyer
TS-039,V00582,Chrome,Mastercard,Mobile,Low,Debit_Card,Declined,Buyer
TS-039,V00583,Chrome,Mastercard,Tablet,High,Debit_Card,Declined,Buyer
TS-039,V00584,Chrome,Mastercard,Tablet,Medium,Debit_Card,Declined,Buyer
TS-039,V00585,Chrome,Mastercard,Tablet,Low,Debit_Card,Declined,Buyer
TS-039,V00586,Firefox,Mastercard,Desktop,High,Debit_Card,Declined,Buyer
TS-039,V00587,Firefox,Mastercard,Desktop,Medium,Debit_Card,Declined,Buyer
TS-039,V00588,Firefox,Mastercard,Desktop,Low,Debit_Card,Declined,Buyer
TS-039,V00589,Firefox,Mastercard,Mobile,High,Debit_Card,Declined,Buyer
TS-039,V00590,Firefox,Mastercard,Mobile,Medium,Debit_Card,Declined,Buyer
TS-039,V00591,Firefox,Mastercard,Mobile,Low,Debit_Card,Declined,Buyer
TS-039,V00592,Firefox,Mastercard,Tablet,High,Debit_Card,Declined,Buyer
TS-039,V00593,Firefox,Mastercard,Tablet,Medium,Debit_Card,Declined,Buyer
TS-039,V00594,Firefox,Mastercard,Tablet,Low,Debit_Card,Declined,Buyer
TS-039,V00595,Safari,Mastercard,Desktop,High,Debit_Card,Declined,Buyer
TS-039,V00596,Safari,Mastercard,Desktop,Medium,Debit_Card,Declined,Buyer
TS-039,V00597,Safari,Mastercard,Desktop,Low,Debit_Card,Declined,Buyer
TS-039,V00598,Safari,Mastercard,Mobile,High,Debit_Card,Declined,Buyer
TS-039,V00599,Safari,Mastercard,Mobile,Medium,Debit_Card,Declined,Buyer
TS-039,V00600,Safari,Mastercard,Mobile,Low,Debit_Card,Declined,Buyer
TS-039,V00601,Safari,Mastercard,Tablet,High,Debit_Card,Declined,Buyer
TS-039,V00602,Safari,Mastercard,Tablet,Medium,Debit_Card,Declined,Buyer
TS-039,V00603,Safari,Mastercard,Tablet,Low,Debit_Card,Declined,Buyer
TS-039,V00604,Edge,Mastercard,Desktop,High,Debit_Card,Declined,Buyer
TS-039,V00605,Edge,Mastercard,Desktop,Medium,Debit_Card,Declined,Buyer
TS-039,V00606,Edge,Mastercard,Desktop,Low,Debit_Card,Declined,Buyer
TS-039,V00607,Edge,Mastercard,Mobile,High,Debit_Card,Declined,Buyer
TS-039,V00608,Edge,Mastercard,Mobile,Medium,Debit_Card,Declined,Buyer
TS-039,V00609,Edge,Mastercard,Mobile,Low,Debit_Card,Declined,Buyer
TS-039,V00610,Edge,Mastercard,Tablet,High,Debit_Card,Declined,Buyer
TS-039,V00611,Edge,Mastercard,Tablet,Medium,Debit_Card,Declined,Buyer
TS-039,V00612,Edge,Mastercard,Tablet,Low,Debit_Card,Declined,Buyer
TS-039,V00613,Chrome,Mastercard,Desktop,High,Debit_Card,Timeout,Buyer
TS-039,V00614,Chrome,Mastercard,Desktop,Medium,Debit_Card,Timeout,Buyer
TS-039,V00615,Chrome,Mastercard,Desktop,Low,Debit_Card,Timeout,Buyer
TS-039,V00616,Chrome,Mastercard,Mobile,High,Debit_Card,Timeout,Buyer
TS-039,V00617,Chrome,Mastercard,Mobile,Medium,Debit_Card,Timeout,Buyer
TS-039,V00618,Chrome,Mastercard,Mobile,Low,Debit_Card,Timeout,Buyer
TS-039,V00619,Chrome,Mastercard,Tablet,High,Debit_Card,Timeout,Buyer
TS-039,V00620,Chrome,Mastercard,Tablet,Medium,Debit_Card,Timeout,Buyer
TS-039,V00621,Chrome,Mastercard,Tablet,Low,Debit_Card,Timeout,Buyer
TS-039,V00622,Firefox,Mastercard,Desktop,High,Debit_Card,Timeout,Buyer
TS-039,V00623,Firefox,Mastercard,Desktop,Medium,Debit_Card,Timeout,Buyer
TS-039,V00624,Firefox,Mastercard,Desktop,Low,Debit_Card,Timeout,Buyer
TS-039,V00625,Firefox,Mastercard,Mobile,High,Debit_Card,Timeout,Buyer
TS-039,V00626,Firefox,Mastercard,Mobile,Medium,Debit_Card,Timeout,Buyer
TS-039,V00627,Firefox,Mastercard,Mobile,Low,Debit_Card,Timeout,Buyer
TS-039,V00628,Firefox,Mastercard,Tablet,High,Debit_Card,Timeout,Buyer
TS-039,V00629,Firefox,Mastercard,Tablet,Medium,Debit_Card,Timeout,Buyer
TS-039,V00630,Firefox,Mastercard,Tablet,Low,Debit_Card,Timeout,Buyer
TS-039,V00631,Safari,Mastercard,Desktop,High,Debit_Card,Timeout,Buyer
TS-039,V00632,Safari,Mastercard,Desktop,Medium,Debit_Card,Timeout,Buyer
TS-039,V00633,Safari,Mastercard,Desktop,Low,Debit_Card,Timeout,Buyer
TS-039,V00634,Safari,Mastercard,Mobile,High,Debit_Card,Timeout,Buyer
TS-039,V00635,Safari,Mastercard,Mobile,Medium,Debit_Card,Timeout,Buyer
TS-039,V00636,Safari,Mastercard,Mobile,Low,Debit_Card,Timeout,Buyer
TS-039,V00637,Safari,Mastercard,Tablet,High,Debit_Card,Timeout,Buyer
TS-039,V00638,Safari,Mastercard,Tablet,Medium,Debit_Card,Timeout,Buyer
TS-039,V00639,Safari,Mastercard,Tablet,Low,Debit_Card,Timeout,Buyer
TS-039,V00640,Edge,Mastercard,Desktop,High,Debit_Card,Timeout,Buyer
TS-039,V00641,Edge,Mastercard,Desktop,Medium,Debit_Card,Timeout,Buyer
TS-039,V00642,Edge,Mastercard,Desktop,Low,Debit_Card,Timeout,Buyer
TS-039,V00643,Edge,Mastercard,Mobile,High,Debit_Card,Timeout,Buyer
TS-039,V00644,Edge,Mastercard,Mobile,Medium,Debit_Card,Timeout,Buyer
TS-039,V00645,Edge,Mastercard,Mobile,Low,Debit_Card,Timeout,Buyer
TS-039,V00646,Edge,Mastercard,Tablet,High,Debit_Card,Timeout,Buyer
TS-039,V00647,Edge,Mastercard,Tablet,Medium,Debit_Card,Timeout,Buyer
TS-039,V00648,Edge,Mastercard,Tablet,Low,Debit_Card,Timeout,Buyer
TS-039,V00649,Chrome,Amex,Desktop,High,Debit_Card,Success,Buyer
TS-039,V00650,Chrome,Amex,Desktop,Medium,Debit_Card,Success,Buyer
TS-039,V00651,Chrome,Amex,Desktop,Low,Debit_Card,Success,Buyer
TS-039,V00652,Chrome,Amex,Mobile,High,Debit_Card,Success,Buyer
TS-039,V00653,Chrome,Amex,Mobile,Medium,Debit_Card,Success,Buyer
TS-039,V00654,Chrome,Amex,Mobile,Low,Debit_Card,Success,Buyer
TS-039,V00655,Chrome,Amex,Tablet,High,Debit_Card,Success,Buyer
TS-039,V00656,Chrome,Amex,Tablet,Medium,Debit_Card,Success,Buyer
TS-039,V00657,Chrome,Amex,Tablet,Low,Debit_Card,Success,Buyer
TS-039,V00658,Firefox,Amex,Desktop,High,Debit_Card,Success,Buyer
TS-039,V00659,Firefox,Amex,Desktop,Medium,Debit_Card,Success,Buyer
TS-039,V00660,Firefox,Amex,Desktop,Low,Debit_Card,Success,Buyer
TS-039,V00661,Firefox,Amex,Mobile,High,Debit_Card,Success,Buyer
TS-039,V00662,Firefox,Amex,Mobile,Medium,Debit_Card,Success,Buyer
TS-039,V00663,Firefox,Amex,Mobile,Low,Debit_Card,Success,Buyer
TS-039,V00664,Firefox,Amex,Tablet,High,Debit_Card,Success,Buyer
TS-039,V00665,Firefox,Amex,Tablet,Medium,Debit_Card,Success,Buyer
TS-039,V00666,Firefox,Amex,Tablet,Low,Debit_Card,Success,Buyer
TS-039,V00667,Safari,Amex,Desktop,High,Debit_Card,Success,Buyer
TS-039,V00668,Safari,Amex,Desktop,Medium,Debit_Card,Success,Buyer
TS-039,V00669,Safari,Amex,Desktop,Low,Debit_Card,Success,Buyer
TS-039,V00670,Safari,Amex,Mobile,High,Debit_Card,Success,Buyer
TS-039,V00671,Safari,Amex,Mobile,Medium,Debit_Card,Success,Buyer
TS-039,V00672,Safari,Amex,Mobile,Low,Debit_Card,Success,Buyer
TS-039,V00673,Safari,Amex,Tablet,High,Debit_Card,Success,Buyer
TS-039,V00674,Safari,Amex,Tablet,Medium,Debit_Card,Success,Buyer
TS-039,V00675,Safari,Amex,Tablet,Low,Debit_Card,Success,Buyer
TS-039,V00676,Edge,Amex,Desktop,High,Debit_Card,Success,Buyer
TS-039,V00677,Edge,Amex,Desktop,Medium,Debit_Card,Success,Buyer
TS-039,V00678,Edge,Amex,Desktop,Low,Debit_Card,Success,Buyer
TS-039,V00679,Edge,Amex,Mobile,High,Debit_Card,Success,Buyer
TS-039,V00680,Edge,Amex,Mobile,Medium,Debit_Card,Success,Buyer
TS-039,V00681,Edge,Amex,Mobile,Low,Debit_Card,Success,Buyer
TS-039,V00682,Edge,Amex,Tablet,High,Debit_Card,Success,Buyer
TS-039,V00683,Edge,Amex,Tablet,Medium,Debit_Card,Success,Buyer
TS-039,V00684,Edge,Amex,Tablet,Low,Debit_Card,Success,Buyer
TS-039,V00685,Chrome,Amex,Desktop,High,Debit_Card,Declined,Buyer
TS-039,V00686,Chrome,Amex,Desktop,Medium,Debit_Card,Declined,Buyer
TS-039,V00687,Chrome,Amex,Desktop,Low,Debit_Card,Declined,Buyer
TS-039,V00688,Chrome,Amex,Mobile,High,Debit_Card,Declined,Buyer
TS-039,V00689,Chrome,Amex,Mobile,Medium,Debit_Card,Declined,Buyer
TS-039,V00690,Chrome,Amex,Mobile,Low,Debit_Card,Declined,Buyer
TS-039,V00691,Chrome,Amex,Tablet,High,Debit_Card,Declined,Buyer
TS-039,V00692,Chrome,Amex,Tablet,Medium,Debit_Card,Declined,Buyer
TS-039,V00693,Chrome,Amex,Tablet,Low,Debit_Card,Declined,Buyer
TS-039,V00694,Firefox,Amex,Desktop,High,Debit_Card,Declined,Buyer
TS-039,V00695,Firefox,Amex,Desktop,Medium,Debit_Card,Declined,Buyer
TS-039,V00696,Firefox,Amex,Desktop,Low,Debit_Card,Declined,Buyer
TS-039,V00697,Firefox,Amex,Mobile,High,Debit_Card,Declined,Buyer
TS-039,V00698,Firefox,Amex,Mobile,Medium,Debit_Card,Declined,Buyer
TS-039,V00699,Firefox,Amex,Mobile,Low,Debit_Card,Declined,Buyer
TS-039,V00700,Firefox,Amex,Tablet,High,Debit_Card,Declined,Buyer
TS-039,V00701,Firefox,Amex,Tablet,Medium,Debit_Card,Declined,Buyer
TS-039,V00702,Firefox,Amex,Tablet,Low,Debit_Card,Declined,Buyer
TS-039,V00703,Safari,Amex,Desktop,High,Debit_Card,Declined,Buyer
TS-039,V00704,Safari,Amex,Desktop,Medium,Debit_Card,Declined,Buyer
TS-039,V00705,Safari,Amex,Desktop,Low,Debit_Card,Declined,Buyer
TS-039,V00706,Safari,Amex,Mobile,High,Debit_Card,Declined,Buyer
TS-039,V00707,Safari,Amex,Mobile,Medium,Debit_Card,Declined,Buyer
TS-039,V00708,Safari,Amex,Mobile,Low,Debit_Card,Declined,Buyer
TS-039,V00709,Safari,Amex,Tablet,High,Debit_Card,Declined,Buyer
TS-039,V00710,Safari,Amex,Tablet,Medium,Debit_Card,Declined,Buyer
TS-039,V00711,Safari,Amex,Tablet,Low,Debit_Card,Declined,Buyer
TS-039,V00712,Edge,Amex,Desktop,High,Debit_Card,Declined,Buyer
TS-039,V00713,Edge,Amex,Desktop,Medium,Debit_Card,Declined,Buyer
TS-039,V00714,Edge,Amex,Desktop,Low,Debit_Card,Declined,Buyer
TS-039,V00715,Edge,Amex,Mobile,High,Debit_Card,Declined,Buyer
TS-039,V00716,Edge,Amex,Mobile,Medium,Debit_Card,Declined,Buyer
TS-039,V00717,Edge,Amex,Mobile,Low,Debit_Card,Declined,Buyer
TS-039,V00718,Edge,Amex,Tablet,High,Debit_Card,Declined,Buyer
TS-039,V00719,Edge,Amex,Tablet,Medium,Debit_Card,Declined,Buyer
TS-039,V00720,Edge,Amex,Tablet,Low,Debit_Card,Declined,Buyer
TS-039,V00721,Chrome,Amex,Desktop,High,Debit_Card,Timeout,Buyer
TS-039,V00722,Chrome,Amex,Desktop,Medium,Debit_Card,Timeout,Buyer
TS-039,V00723,Chrome,Amex,Desktop,Low,Debit_Card,Timeout,Buyer
TS-039,V00724,Chrome,Amex,Mobile,High,Debit_Card,Timeout,Buyer
TS-039,V00725,Chrome,Amex,Mobile,Medium,Debit_Card,Timeout,Buyer
TS-039,V00726,Chrome,Amex,Mobile,Low,Debit_Card,Timeout,Buyer
TS-039,V00727,Chrome,Amex,Tablet,High,Debit_Card,Timeout,Buyer
TS-039,V00728,Chrome,Amex,Tablet,Medium,Debit_Card,Timeout,Buyer
TS-039,V00729,Chrome,Amex,Tablet,Low,Debit_Card,Timeout,Buyer
TS-039,V00730,Firefox,Amex,Desktop,High,Debit_Card,Timeout,Buyer
TS-039,V00731,Firefox,Amex,Desktop,Medium,Debit_Card,Timeout,Buyer
TS-039,V00732,Firefox,Amex,Desktop,Low,Debit_Card,Timeout,Buyer
TS-039,V00733,Firefox,Amex,Mobile,High,Debit_Card,Timeout,Buyer
TS-039,V00734,Firefox,Amex,Mobile,Medium,Debit_Card,Timeout,Buyer
TS-039,V00735,Firefox,Amex,Mobile,Low,Debit_Card,Timeout,Buyer
TS-039,V00736,Firefox,Amex,Tablet,High,Debit_Card,Timeout,Buyer
TS-039,V00737,Firefox,Amex,Tablet,Medium,Debit_Card,Timeout,Buyer
TS-039,V00738,Firefox,Amex,Tablet,Low,Debit_Card,Timeout,Buyer
TS-039,V00739,Safari,Amex,Desktop,High,Debit_Card,Timeout,Buyer
TS-039,V00740,Safari,Amex,Desktop,Medium,Debit_Card,Timeout,Buyer
TS-039,V00741,Safari,Amex,Desktop,Low,Debit_Card,Timeout,Buyer
TS-039,V00742,Safari,Amex,Mobile,High,Debit_Card,Timeout,Buyer
TS-039,V00743,Safari,Amex,Mobile,Medium,Debit_Card,Timeout,Buyer
TS-039,V00744,Safari,Amex,Mobile,Low,Debit_Card,Timeout,Buyer
TS-039,V00745,Safari,Amex,Tablet,High,Debit_Card,Timeout,Buyer
TS-039,V00746,Safari,Amex,Tablet,Medium,Debit_Card,Timeout,Buyer
TS-039,V00747,Safari,Amex,Tablet,Low,Debit_Card,Timeout,Buyer
TS-039,V00748,Edge,Amex,Desktop,High,Debit_Card,Timeout,Buyer
TS-039,V00749,Edge,Amex,Desktop,Medium,Debit_Card,Timeout,Buyer
TS-039,V00750,Edge,Amex,Desktop,Low,Debit_Card,Timeout,Buyer
TS-039,V00751,Edge,Amex,Mobile,High,Debit_Card,Timeout,Buyer
TS-039,V00752,Edge,Amex,Mobile,Medium,Debit_Card,Timeout,Buyer
TS-039,V00753,Edge,Amex,Mobile,Low,Debit_Card,Timeout,Buyer
TS-039,V00754,Edge,Amex,Tablet,High,Debit_Card,Timeout,Buyer
TS-039,V00755,Edge,Amex,Tablet,Medium,Debit_Card,Timeout,Buyer
TS-039,V00756,Edge,Amex,Tablet,Low,Debit_Card,Timeout,Buyer
TS-039,V00757,Chrome,Discover,Desktop,High,Debit_Card,Success,Buyer
TS-039,V00758,Chrome,Discover,Desktop,Medium,Debit_Card,Success,Buyer
TS-039,V00759,Chrome,Discover,Desktop,Low,Debit_Card,Success,Buyer
TS-039,V00760,Chrome,Discover,Mobile,High,Debit_Card,Success,Buyer
TS-039,V00761,Chrome,Discover,Mobile,Medium,Debit_Card,Success,Buyer
TS-039,V00762,Chrome,Discover,Mobile,Low,Debit_Card,Success,Buyer
TS-039,V00763,Chrome,Discover,Tablet,High,Debit_Card,Success,Buyer
TS-039,V00764,Chrome,Discover,Tablet,Medium,Debit_Card,Success,Buyer
TS-039,V00765,Chrome,Discover,Tablet,Low,Debit_Card,Success,Buyer
TS-039,V00766,Firefox,Discover,Desktop,High,Debit_Card,Success,Buyer
TS-039,V00767,Firefox,Discover,Desktop,Medium,Debit_Card,Success,Buyer
TS-039,V00768,Firefox,Discover,Desktop,Low,Debit_Card,Success,Buyer
TS-039,V00769,Firefox,Discover,Mobile,High,Debit_Card,Success,Buyer
TS-039,V00770,Firefox,Discover,Mobile,Medium,Debit_Card,Success,Buyer
TS-039,V00771,Firefox,Discover,Mobile,Low,Debit_Card,Success,Buyer
TS-039,V00772,Firefox,Discover,Tablet,High,Debit_Card,Success,Buyer
TS-039,V00773,Firefox,Discover,Tablet,Medium,Debit_Card,Success,Buyer
TS-039,V00774,Firefox,Discover,Tablet,Low,Debit_Card,Success,Buyer
TS-039,V00775,Safari,Discover,Desktop,High,Debit_Card,Success,Buyer
TS-039,V00776,Safari,Discover,Desktop,Medium,Debit_Card,Success,Buyer
TS-039,V00777,Safari,Discover,Desktop,Low,Debit_Card,Success,Buyer
TS-039,V00778,Safari,Discover,Mobile,High,Debit_Card,Success,Buyer
TS-039,V00779,Safari,Discover,Mobile,Medium,Debit_Card,Success,Buyer
TS-039,V00780,Safari,Discover,Mobile,Low,Debit_Card,Success,Buyer
TS-039,V00781,Safari,Discover,Tablet,High,Debit_Card,Success,Buyer
TS-039,V00782,Safari,Discover,Tablet,Medium,Debit_Card,Success,Buyer
TS-039,V00783,Safari,Discover,Tablet,Low,Debit_Card,Success,Buyer
TS-039,V00784,Edge,Discover,Desktop,High,Debit_Card,Success,Buyer
TS-039,V00785,Edge,Discover,Desktop,Medium,Debit_Card,Success,Buyer
TS-039,V00786,Edge,Discover,Desktop,Low,Debit_Card,Success,Buyer
TS-039,V00787,Edge,Discover,Mobile,High,Debit_Card,Success,Buyer
TS-039,V00788,Edge,Discover,Mobile,Medium,Debit_Card,Success,Buyer
TS-039,V00789,Edge,Discover,Mobile,Low,Debit_Card,Success,Buyer
TS-039,V00790,Edge,Discover,Tablet,High,Debit_Card,Success,Buyer
TS-039,V00791,Edge,Discover,Tablet,Medium,Debit_Card,Success,Buyer
TS-039,V00792,Edge,Discover,Tablet,Low,Debit_Card,Success,Buyer
TS-039,V00793,Chrome,Discover,Desktop,High,Debit_Card,Declined,Buyer
TS-039,V00794,Chrome,Discover,Desktop,Medium,Debit_Card,Declined,Buyer
TS-039,V00795,Chrome,Discover,Desktop,Low,Debit_Card,Declined,Buyer
TS-039,V00796,Chrome,Discover,Mobile,High,Debit_Card,Declined,Buyer
TS-039,V00797,Chrome,Discover,Mobile,Medium,Debit_Card,Declined,Buyer
TS-039,V00798,Chrome,Discover,Mobile,Low,Debit_Card,Declined,Buyer
TS-039,V00799,Chrome,Discover,Tablet,High,Debit_Card,Declined,Buyer
TS-039,V00800,Chrome,Discover,Tablet,Medium,Debit_Card,Declined,Buyer
TS-039,V00801,Chrome,Discover,Tablet,Low,Debit_Card,Declined,Buyer
TS-039,V00802,Firefox,Discover,Desktop,High,Debit_Card,Declined,Buyer
TS-039,V00803,Firefox,Discover,Desktop,Medium,Debit_Card,Declined,Buyer
TS-039,V00804,Firefox,Discover,Desktop,Low,Debit_Card,Declined,Buyer
TS-039,V00805,Firefox,Discover,Mobile,High,Debit_Card,Declined,Buyer
TS-039,V00806,Firefox,Discover,Mobile,Medium,Debit_Card,Declined,Buyer
TS-039,V00807,Firefox,Discover,Mobile,Low,Debit_Card,Declined,Buyer
TS-039,V00808,Firefox,Discover,Tablet,High,Debit_Card,Declined,Buyer
TS-039,V00809,Firefox,Discover,Tablet,Medium,Debit_Card,Declined,Buyer
TS-039,V00810,Firefox,Discover,Tablet,Low,Debit_Card,Declined,Buyer
TS-039,V00811,Safari,Discover,Desktop,High,Debit_Card,Declined,Buyer
TS-039,V00812,Safari,Discover,Desktop,Medium,Debit_Card,Declined,Buyer
TS-039,V00813,Safari,Discover,Desktop,Low,Debit_Card,Declined,Buyer
TS-039,V00814,Safari,Discover,Mobile,High,Debit_Card,Declined,Buyer
TS-039,V00815,Safari,Discover,Mobile,Medium,Debit_Card,Declined,Buyer
TS-039,V00816,Safari,Discover,Mobile,Low,Debit_Card,Declined,Buyer
TS-039,V00817,Safari,Discover,Tablet,High,Debit_Card,Declined,Buyer
TS-039,V00818,Safari,Discover,Tablet,Medium,Debit_Card,Declined,Buyer
TS-039,V00819,Safari,Discover,Tablet,Low,Debit_Card,Declined,Buyer
TS-039,V00820,Edge,Discover,Desktop,High,Debit_Card,Declined,Buyer
TS-039,V00821,Edge,Discover,Desktop,Medium,Debit_Card,Declined,Buyer
TS-039,V00822,Edge,Discover,Desktop,Low,Debit_Card,Declined,Buyer
TS-039,V00823,Edge,Discover,Mobile,High,Debit_Card,Declined,Buyer
TS-039,V00824,Edge,Discover,Mobile,Medium,Debit_Card,Declined,Buyer
TS-039,V00825,Edge,Discover,Mobile,Low,Debit_Card,Declined,Buyer
TS-039,V00826,Edge,Discover,Tablet,High,Debit_Card,Declined,Buyer
TS-039,V00827,Edge,Discover,Tablet,Medium,Debit_Card,Declined,Buyer
TS-039,V00828,Edge,Discover,Tablet,Low,Debit_Card,Declined,Buyer
TS-039,V00829,Chrome,Discover,Desktop,High,Debit_Card,Timeout,Buyer
TS-039,V00830,Chrome,Discover,Desktop,Medium,Debit_Card,Timeout,Buyer
TS-039,V00831,Chrome,Discover,Desktop,Low,Debit_Card,Timeout,Buyer
TS-039,V00832,Chrome,Discover,Mobile,High,Debit_Card,Timeout,Buyer
TS-039,V00833,Chrome,Discover,Mobile,Medium,Debit_Card,Timeout,Buyer
TS-039,V00834,Chrome,Discover,Mobile,Low,Debit_Card,Timeout,Buyer
TS-039,V00835,Chrome,Discover,Tablet,High,Debit_Card,Timeout,Buyer
TS-039,V00836,Chrome,Discover,Tablet,Medium,Debit_Card,Timeout,Buyer
TS-039,V00837,Chrome,Discover,Tablet,Low,Debit_Card,Timeout,Buyer
TS-039,V00838,Firefox,Discover,Desktop,High,Debit_Card,Timeout,Buyer
TS-039,V00839,Firefox,Discover,Desktop,Medium,Debit_Card,Timeout,Buyer
TS-039,V00840,Firefox,Discover,Desktop,Low,Debit_Card,Timeout,Buyer
TS-039,V00841,Firefox,Discover,Mobile,High,Debit_Card,Timeout,Buyer
TS-039,V00842,Firefox,Discover,Mobile,Medium,Debit_Card,Timeout,Buyer
TS-039,V00843,Firefox,Discover,Mobile,Low,Debit_Card,Timeout,Buyer
TS-039,V00844,Firefox,Discover,Tablet,High,Debit_Card,Timeout,Buyer
TS-039,V00845,Firefox,Discover,Tablet,Medium,Debit_Card,Timeout,Buyer
TS-039,V00846,Firefox,Discover,Tablet,Low,Debit_Card,Timeout,Buyer
TS-039,V00847,Safari,Discover,Desktop,High,Debit_Card,Timeout,Buyer
TS-039,V00848,Safari,Discover,Desktop,Medium,Debit_Card,Timeout,Buyer
TS-039,V00849,Safari,Discover,Desktop,Low,Debit_Card,Timeout,Buyer
TS-039,V00850,Safari,Discover,Mobile,High,Debit_Card,Timeout,Buyer
TS-039,V00851,Safari,Discover,Mobile,Medium,Debit_Card,Timeout,Buyer
TS-039,V00852,Safari,Discover,Mobile,Low,Debit_Card,Timeout,Buyer
TS-039,V00853,Safari,Discover,Tablet,High,Debit_Card,Timeout,Buyer
TS-039,V00854,Safari,Discover,Tablet,Medium,Debit_Card,Timeout,Buyer
TS-039,V00855,Safari,Discover,Tablet,Low,Debit_Card,Timeout,Buyer
TS-039,V00856,Edge,Discover,Desktop,High,Debit_Card,Timeout,Buyer
TS-039,V00857,Edge,Discover,Desktop,Medium,Debit_Card,Timeout,Buyer
TS-039,V00858,Edge,Discover,Desktop,Low,Debit_Card,Timeout,Buyer
TS-039,V00859,Edge,Discover,Mobile,High,Debit_Card,Timeout,Buyer
TS-039,V00860,Edge,Discover,Mobile,Medium,Debit_Card,Timeout,Buyer
TS-039,V00861,Edge,Discover,Mobile,Low,Debit_Card,Timeout,Buyer
TS-039,V00862,Edge,Discover,Tablet,High,Debit_Card,Timeout,Buyer
TS-039,V00863,Edge,Discover,Tablet,Medium,Debit_Card,Timeout,Buyer
TS-039,V00864,Edge,Discover,Tablet,Low,Debit_Card,Timeout,Buyer
