Scenario_ID,Variant_ID,Browser,Device,Input_Validity,Network_Speed,PIN_Code_State,User_Type
TS-020,V00001,Chrome,Desktop,Valid,High,Available,Visitor
TS-020,V00002,Chrome,Desktop,Valid,Medium,Available,Visitor
TS-020,V00003,Chrome,Desktop,Valid,Low,Available,Visitor
TS-020,V00004,Chrome,Mobile,Valid,High,Available,Visitor
TS-020,V00005,Chrome,Mobile,Valid,Medium,Available,Visitor
TS-020,V00006,Chrome,Mobile,Valid,Low,Available,Visitor
TS-020,V00007,Chrome,Tablet,Valid,High,Available,Visitor
TS-020,V00008,Chrome,Tablet,Valid,Medium,Available,Visitor
TS-020,V00009,Chrome,Tablet,Valid,Low,Available,Visitor
TS-020,V00010,Firefox,Desktop,Valid,High,Available,Visitor
TS-020,V00011,Firefox,Desktop,Valid,Medium,Available,Visitor
TS-020,V00012,Firefox,Desktop,Valid,Low,Available,Visitor
TS-020,V00013,Firefox,Mobile,Valid,High,Available,Visitor
TS-020,V00014,Firefox,Mobile,Valid,Medium,Available,Visitor
TS-020,V00015,Firefox,Mobile,Valid,Low,Available,Visitor
TS-020,V00016,Firefox,Tablet,Valid,High,Available,Visitor
TS-020,V00017,Firefox,Tablet,Valid,Medium,Available,Visitor
TS-020,V00018,Firefox,Tablet,Valid,Low,Available,Visitor
TS-020,V00019,Safari,Desktop,Valid,High,Available,Visitor
TS-020,V00020,Safari,Desktop,Valid,Medium,Available,Visitor
TS-020,V00021,Safari,Desktop,Valid,Low,Available,Visitor
TS-020,V00022,Safari,Mobile,Valid,High,Available,Visitor
TS-020,V00023,Safari,Mobile,Valid,Medium,Available,Visitor
TS-020,V00024,Safari,Mobile,Valid,Low,Available,Visitor
TS-020,V00025,Safari,Tablet,Valid,High,Available,Visitor
TS-020,V00026,Safari,Tablet,Valid,Medium,Available,Visitor
TS-020,V00027,Safari,Tablet,Valid,Low,Available,Visitor
TS-020,V00028,Edge,Desktop,Valid,High,Available,Visitor
TS-020,V00029,Edge,Desktop,Valid,Medium,Available,Visitor
TS-020,V00030,Edge,Desktop,Valid,Low,Available,Visitor
TS-020,V00031,Edge,Mobile,Valid,High,Available,Visitor
TS-020,V00032,Edge,Mobile,Valid,Medium,Available,Visitor
TS-020,V00033,Edge,Mobile,Valid,Low,Available,Visitor
TS-020,V00034,Edge,Tablet,Valid,High,Available,Visitor
TS-020,V00035,Edge,Tablet,Valid,Medium,Available,Visitor
TS-020,V00036,Edge,Tablet,Valid,Low,Available,Visitor
TS-020,V00037,Chrome,Desktop,Valid,High,Not_Available,Visitor
TS-020,V00038,Chrome,Desktop,Valid,Medium,Not_Available,Visitor
TS-020,V00039,Chrome,Desktop,Valid,Low,Not_Available,Visitor
TS-020,V00040,Chrome,Mobile,Valid,High,Not_Available,Visitor
TS-020,V00041,Chrome,Mobile,Valid,Medium,Not_Available,Visitor
TS-020,V00042,Chrome,Mobile,Valid,Low,Not_Available,Visitor
TS-020,V00043,Chrome,Tablet,Valid,High,Not_Available,Visitor
TS-020,V00044,Chrome,Tablet,Valid,Medium,Not_Available,Visitor
TS-020,V00045,Chrome,Tablet,Valid,Low,Not_Available,Visitor
TS-020,V00046,Firefox,Desktop,Valid,High,Not_Available,Visitor
TS-020,V00047,Firefox,Desktop,Valid,Medium,Not_Available,Visitor
TS-020,V00048,Firefox,Desktop,Valid,Low,Not_Available,Visitor
TS-020,V00049,Firefox,Mobile,Valid,High,Not_Available,Visitor
TS-020,V00050,Firefox,Mobile,Valid,Medium,Not_Available,Visitor
TS-020,V00051,Firefox,Mobile,Valid,Low,Not_Available,Visitor
TS-020,V00052,Firefox,Tablet,Valid,High,Not_Available,Visitor
TS-020,V00053,Firefox,Tablet,Valid,Medium,Not_Available,Visitor
TS-020,V00054,Firefox,Tablet,Valid,Low,Not_Available,Visitor
TS-020,V00055,Safari,Desktop,Valid,High,Not_Available,Visitor
TS-020,V00056,Safari,Desktop,Valid,Medium,Not_Available,Visitor
TS-020,V00057,Safari,Desktop,Valid,Low,Not_Available,Visitor
TS-020,V00058,Safari,Mobile,Valid,High,Not_Available,Visitor
TS-020,V00059,Safari,Mobile,Valid,Medium,Not_Available,Visitor
TS-020,V00060,Safari,Mobile,Valid,Low,Not_Available,Visitor
TS-020,V00061,Safari,Tablet,Valid,High,Not_Available,Visitor
TS-020,V00062,Safari,Tablet,Valid,Medium,Not_Available,Visitor
TS-020,V00063,Safari,Tablet,Valid,Low,Not_Available,Visitor
TS-020,V00064,Edge,Desktop,Valid,High,Not_Available,Visitor
TS-020,V00065,Edge,Desktop,Valid,Medium,Not_Available,Visitor
TS-020,V00066,Edge,Desktop,Valid,Low,Not_Available,Visitor
TS-020,V00067,Edge,Mobile,Valid,High,Not_Available,Visitor
TS-020,V00068,Edge,Mobile,Valid,Medium,Not_Available,Visitor
TS-020,V00069,Edge,Mobile,Valid,Low,Not_Available,Visitor
TS-020,V00070,Edge,Tablet,Valid,High,Not_Available,Visitor
TS-020,V00071,Edge,Tablet,Valid,Medium,Not_Available,Visitor
TS-020,V00072,Edge,Tablet,Valid,Low,Not_Available,Visitor
TS-020,V00073,Chrome,Desktop,Valid,High,Invalid_Format,Visitor
TS-020,V00074,Chrome,Desktop,Valid,Medium,Invalid_Format,Visitor
TS-020,V00075,Chrome,Desktop,Valid,Low,Invalid_Format,Visitor
TS-020,V00076,Chrome,Mobile,Valid,High,Invalid_Format,Visitor
TS-020,V00077,Chrome,Mobile,Valid,Medium,Invalid_Format,Visitor
TS-020,V00078,Chrome,Mobile,Valid,Low,Invalid_Format,Visitor
TS-020,V00079,Chrome,Tablet,Valid,High,Invalid_Format,Visitor
TS-020,V00080,Chrome,Tablet,Valid,Medium,Invalid_Format,Visitor
TS-020,V00081,Chrome,Tablet,Valid,Low,Invalid_Format,Visitor
TS-020,V00082,Firefox,Desktop,Valid,High,Invalid_Format,Visitor
TS-020,V00083,Firefox,Desktop,Valid,Medium,Invalid_Format,Visitor
TS-020,V00084,Firefox,Desktop,Valid,Low,Invalid_Format,Visitor
TS-020,V00085,Firefox,Mobile,Valid,High,Invalid_Format,Visitor
TS-020,V00086,Firefox,Mobile,Valid,Medium,Invalid_Format,Visitor
TS-020,V00087,Firefox,Mobile,Valid,Low,Invalid_Format,Visitor
TS-020,V00088,Firefox,Tablet,Valid,High,Invalid_Format,Visitor
TS-020,V00089,Firefox,Tablet,Valid,Medium,Invalid_Format,Visitor
TS-020,V00090,Firefox,Tablet,Valid,Low,Invalid_Format,Visitor
TS-020,V00091,Safari,Desktop,Valid,High,Invalid_Format,Visitor
TS-020,V00092,Safari,Desktop,Valid,Medium,Invalid_Format,Visitor
TS-020,V00093,Safari,Desktop,Valid,Low,Invalid_Format,Visitor
TS-020,V00094,Safari,Mobile,Valid,High,Invalid_Format,Visitor
TS-020,V00095,Safari,Mobile,Valid,Medium,Invalid_Format,Visitor
TS-020,V00096,Safari,Mobile,Valid,Low,Invalid_Format,Visitor
TS-020,V00097,Safari,Tablet,Valid,High,Invalid_Format,Visitor
TS-020,V00098,Safari,Tablet,Valid,Medium,Invalid_Format,Visitor
TS-020,V00099,Safari,Tablet,Valid,Low,Invalid_Format,Visitor
TS-020,V00100,Edge,Desktop,Valid,High,Invalid_Format,Visitor
TS-020,V00101,Edge,Desktop,Valid,Medium,Invalid_Format,Visitor
TS-020,V00102,Edge,Desktop,Valid,Low,Invalid_Format,Visitor
TS-020,V00103,Edge,Mobile,Valid,High,Invalid_Format,Visitor
TS-020,V00104,Edge,Mobile,Valid,Medium,Invalid_Format,Visitor
TS-020,V00105,Edge,Mobile,Valid,Low,Invalid_Format,Visitor
TS-020,V00106,Edge,Tablet,Valid,High,Invalid_Format,Visitor
TS-020,V00107,Edge,Tablet,Valid,Medium,Invalid_Format,Visitor
TS-020,V00108,Edge,Tablet,Valid,Low,Invalid_Format,Visitor
TS-020,V00109,Chrome,Desktop,Invalid,High,Available,Visitor
TS-020,V00110,Chrome,Desktop,Invalid,Medium,Available,Visitor
TS-020,V00111,Chrome,Desktop,Invalid,Low,Available,Visitor
TS-020,V00112,Chrome,Mobile,Invalid,High,Available,Visitor
TS-020,V00113,Chrome,Mobile,Invalid,Medium,Available,Visitor
TS-020,V00114,Chrome,Mobile,Invalid,Low,Available,Visitor
TS-020,V00115,Chrome,Tablet,Invalid,High,Available,Visitor
TS-020,V00116,Chrome,Tablet,Invalid,Medium,Available,Visitor
TS-020,V00117,Chrome,Tablet,Invalid,Low,Available,Visitor
TS-020,V00118,Firefox,Desktop,Invalid,High,Available,Visitor
TS-020,V00119,Firefox,Desktop,Invalid,Medium,Available,Visitor
TS-020,V00120,Firefox,Desktop,Invalid,Low,Available,Visitor
TS-020,V00121,Firefox,Mobile,Invalid,High,Available,Visitor
TS-020,V00122,Firefox,Mobile,Invalid,Medium,Available,Visitor
TS-020,V00123,Firefox,Mobile,Invalid,Low,Available,Visitor
TS-020,V00124,Firefox,Tablet,Invalid,High,Available,Visitor
TS-020,V00125,Firefox,Tablet,Invalid,Medium,Available,Visitor
TS-020,V00126,Firefox,Tablet,Invalid,Low,Available,Visitor
TS-020,V00127,Safari,Desktop,Invalid,High,Available,Visitor
TS-020,V00128,Safari,Desktop,Invalid,Medium,Available,Visitor
TS-020,V00129,Safari,Desktop,Invalid,Low,Available,Visitor
TS-020,V00130,Safari,Mobile,Invalid,High,Available,Visitor
TS-020,V00131,Safari,Mobile,Invalid,Medium,Available,Visitor
TS-020,V00132,Safari,Mobile,Invalid,Low,Available,Visitor
TS-020,V00133,Safari,Tablet,Invalid,High,Available,Visitor
TS-020,V00134,Safari,Tablet,Invalid,Medium,Available,Visitor
TS-020,V00135,Safari,Tablet,Invalid,Low,Available,Visitor
TS-020,V00136,Edge,Desktop,Invalid,High,Available,Visitor
TS-020,V00137,Edge,Desktop,Invalid,Medium,Available,Visitor
TS-020,V00138,Edge,Desktop,Invalid,Low,Available,Visitor
TS-020,V00139,Edge,Mobile,Invalid,High,Available,Visitor
TS-020,V00140,Edge,Mobile,Invalid,Medium,Available,Visitor
TS-020,V00141,Edge,Mobile,Invalid,Low,Available,Visitor
TS-020,V00142,Edge,Tablet,Invalid,High,Available,Visitor
TS-020,V00143,Edge,Tablet,Invalid,Medium,Available,Visitor
TS-020,V00144,Edge,Tablet,Invalid,Low,Available,Visitor
TS-020,V00145,Chrome,Desktop,Invalid,High,Not_Available,Visitor
TS-020,V00146,Chrome,Desktop,Invalid,Medium,Not_Available,Visitor
TS-020,V00147,Chrome,Desktop,Invalid,Low,Not_Available,Visitor
TS-020,V00148,Chrome,Mobile,Invalid,High,Not_Available,Visitor
TS-020,V00149,Chrome,Mobile,Invalid,Medium,Not_Available,Visitor
TS-020,V00150,Chrome,Mobile,Invalid,Low,Not_Available,Visitor
TS-020,V00151,Chrome,Tablet,Invalid,High,Not_Available,Visitor
TS-020,V00152,Chrome,Tablet,Invalid,Medium,Not_Available,Visitor
TS-020,V00153,Chrome,Tablet,Invalid,Low,Not_Available,Visitor
TS-020,V00154,Firefox,Desktop,Invalid,High,Not_Available,Visitor
TS-020,V00155,Firefox,Desktop,Invalid,Medium,Not_Available,Visitor
TS-020,V00156,Firefox,Desktop,Invalid,Low,Not_Available,Visitor
TS-020,V00157,Firefox,Mobile,Invalid,High,Not_Available,Visitor
TS-020,V00158,Firefox,Mobile,Invalid,Medium,Not_Available,Visitor
TS-020,V00159,Firefox,Mobile,Invalid,Low,Not_Available,Visitor
TS-020,V00160,Firefox,Tablet,Invalid,High,Not_Available,Visitor
TS-020,V00161,Firefox,Tablet,Invalid,Medium,Not_Available,Visitor
TS-020,V00162,Firefox,Tablet,Invalid,Low,Not_Available,Visitor
TS-020,V00163,Safari,Desktop,Invalid,High,Not_Available,Visitor
TS-020,V00164,Safari,Desktop,Invalid,Medium,Not_Available,Visitor
TS-020,V00165,Safari,Desktop,Invalid,Low,Not_Available,Visitor
TS-020,V00166,Safari,Mobile,Invalid,High,Not_Available,Visitor
TS-020,V00167,Safari,Mobile,Invalid,Medium,Not_Available,Visitor
TS-020,V00168,Safari,Mobile,Invalid,Low,Not_Available,Visitor
TS-020,V00169,Safari,Tablet,Invalid,High,Not_Available,Visitor
TS-020,V00170,Safari,Tablet,Invalid,Medium,Not_Available,Visitor
TS-020,V00171,Safari,Tablet,Invalid,Low,Not_Available,Visitor
TS-020,V00172,Edge,Desktop,Invalid,High,Not_Available,Visitor
TS-020,V00173,Edge,Desktop,Invalid,Medium,Not_Available,Visitor
TS-020,V00174,Edge,Desktop,Invalid,Low,Not_Available,Visitor
TS-020,V00175,Edge,Mobile,Invalid,High,Not_Available,Visitor
TS-020,V00176,Edge,Mobile,Invalid,Medium,Not_Available,Visitor
TS-020,V00177,Edge,Mobile,Invalid,Low,Not_Available,Visitor
TS-020,V00178,Edge,Tablet,Invalid,High,Not_Available,Visitor
TS-020,V00179,Edge,Tablet,Invalid,Medium,Not_Available,Visitor
TS-020,V00180,Edge,Tablet,Invalid,Low,Not_Available,Visitor
TS-020,V00181,Chrome,Desktop,Invalid,High,Invalid_Format,Visitor
TS-020,V00182,Chrome,Desktop,Invalid,Medium,Invalid_Format,Visitor
TS-020,V00183,Chrome,Desktop,Invalid,Low,Invalid_Format,Visitor
TS-020,V00184,Chrome,Mobile,Invalid,High,Invalid_Format,Visitor
TS-020,V00185,Chrome,Mobile,Invalid,Medium,Invalid_Format,Visitor
TS-020,V00186,Chrome,Mobile,Invalid,Low,Invalid_Format,Visitor
TS-020,V00187,Chrome,Tablet,Invalid,High,Invalid_Format,Visitor
TS-020,V00188,Chrome,Tablet,Invalid,Medium,Invalid_Format,Visitor
TS-020,V00189,Chrome,Tablet,Invalid,Low,Invalid_Format,Visitor
TS-020,V00190,Firefox,Desktop,Invalid,High,Invalid_Format,Visitor
TS-020,V00191,Firefox,Desktop,Invalid,Medium,Invalid_Format,Visitor
TS-020,V00192,Firefox,Desktop,Invalid,Low,Invalid_Format,Visitor
TS-020,V00193,Firefox,Mobile,Invalid,High,Invalid_Format,Visitor
TS-020,V00194,Firefox,Mobile,Invalid,Medium,Invalid_Format,Visitor
TS-020,V00195,Firefox,Mobile,Invalid,Low,Invalid_Format,Visitor
TS-020,V00196,Firefox,Tablet,Invalid,High,Invalid_Format,Visitor
TS-020,V00197,Firefox,Tablet,Invalid,Medium,Invalid_Format,Visitor
TS-020,V00198,Firefox,Tablet,Invalid,Low,Invalid_Format,Visitor
TS-020,V00199,Safari,Desktop,Invalid,High,Invalid_Format,Visitor
TS-020,V00200,Safari,Desktop,Invalid,Medium,Invalid_Format,Visitor
TS-020,V00201,Safari,Desktop,Invalid,Low,Invalid_Format,Visitor
TS-020,V00202,Safari,Mobile,Invalid,High,Invalid_Format,Visitor
TS-020,V00203,Safari,Mobile,Invalid,Medium,Invalid_Format,Visitor
TS-020,V00204,Safari,Mobile,Invalid,Low,Invalid_Format,Visitor
TS-020,V00205,Safari,Tablet,Invalid,High,Invalid_Format,Visitor
TS-020,V00206,Safari,Tablet,Invalid,Medium,Invalid_Format,Visitor
TS-020,V00207,Safari,Tablet,Invalid,Low,Invalid_Format,Visitor
TS-020,V00208,Edge,Desktop,Invalid,High,Invalid_Format,Visitor
TS-020,V00209,Edge,Desktop,Invalid,Medium,Invalid_Format,Visitor
TS-020,V00210,Edge,Desktop,Invalid,Low,Invalid_Format,Visitor
TS-020,V00211,Edge,Mobile,Invalid,High,Invalid_Format,Visitor
TS-020,V00212,Edge,Mobile,Invalid,Medium,Invalid_Format,Visitor
TS-020,V00213,Edge,Mobile,Invalid,Low,Invalid_Format,Visitor
TS-020,V00214,Edge,Tablet,Invalid,High,Invalid_Format,Visitor
TS-020,V00215,Edge,Tablet,Invalid,Medium,Invalid_Format,Visitor
TS-020,V00216,Edge,Tablet,Invalid,Low,Invalid_Format,Visitor
TS-020,V00217,Chrome,Desktop,Valid,High,Available,Buyer
TS-020,V00218,Chrome,Desktop,Valid,Medium,Available,Buyer
TS-020,V00219,Chrome,Desktop,Valid,Low,Available,Buyer
TS-020,V00220,Chrome,Mobile,Valid,High,Available,Buyer
TS-020,V00221,Chrome,Mobile,Valid,Medium,Available,Buyer
TS-020,V00222,Chrome,Mobile,Valid,Low,Available,Buyer
TS-020,V00223,Chrome,Tablet,Valid,High,Available,Buyer
TS-020,V00224,Chrome,Tablet,Valid,Medium,Available,Buyer
TS-020,V00225,Chrome,Tablet,Valid,Low,Available,Buyer
TS-020,V00226,Firefox,Desktop,Valid,High,Available,Buyer
TS-020,V00227,Firefox,Desktop,Valid,Medium,Available,Buyer
TS-020,V00228,Firefox,Desktop,Valid,Low,Available,Buyer
TS-020,V00229,Firefox,Mobile,Valid,High,Available,Buyer
TS-020,V00230,Firefox,Mobile,Valid,Medium,Available,Buyer
TS-020,V00231,Firefox,Mobile,Valid,Low,Available,Buyer
TS-020,V00232,Firefox,Tablet,Valid,High,Available,Buyer
TS-020,V00233,Firefox,Tablet,Valid,Medium,Available,Buyer
TS-020,V00234,Firefox,Tablet,Valid,Low,Available,Buyer
TS-020,V00235,Safari,Desktop,Valid,High,Available,Buyer
TS-020,V00236,Safari,Desktop,Valid,Medium,Available,Buyer
TS-020,V00237,Safari,Desktop,Valid,Low,Available,Buyer
TS-020,V00238,Safari,Mobile,Valid,High,Available,Buyer
TS-020,V00239,Safari,Mobile,Valid,Medium,Available,Buyer
TS-020,V00240,Safari,Mobile,Valid,Low,Available,Buyer
TS-020,V00241,Safari,Tablet,Valid,High,Available,Buyer
TS-020,V00242,Safari,Tablet,Valid,Medium,Available,Buyer
TS-020,V00243,Safari,Tablet,Valid,Low,Available,Buyer
TS-020,V00244,Edge,Desktop,Valid,High,Available,Buyer
TS-020,V00245,Edge,Desktop,Valid,Medium,Available,Buyer
TS-020,V00246,Edge,Desktop,Valid,Low,Available,Buyer
TS-020,V00247,Edge,Mobile,Valid,High,Available,Buyer
TS-020,V00248,Edge,Mobile,Valid,Medium,Available,Buyer
TS-020,V00249,Edge,Mobile,Valid,Low,Available,Buyer
TS-020,V00250,Edge,Tablet,Valid,High,Available,Buyer
TS-020,V00251,Edge,Tablet,Valid,Medium,Available,Buyer
TS-020,V00252,Edge,Tablet,Valid,Low,Available,Buyer
TS-020,V00253,Chrome,Desktop,Valid,High,Not_Available,Buyer
TS-020,V00254,Chrome,Desktop,Valid,Medium,Not_Available,Buyer
TS-020,V00255,Chrome,Desktop,Valid,Low,Not_Available,Buyer
TS-020,V00256,Chrome,Mobile,Valid,High,Not_Available,Buyer
TS-020,V00257,Chrome,Mobile,Valid,Medium,Not_Available,Buyer
TS-020,V00258,Chrome,Mobile,Valid,Low,Not_Available,Buyer
TS-020,V00259,Chrome,Tablet,Valid,High,Not_Available,Buyer
TS-020,V00260,Chrome,Tablet,Valid,Medium,Not_Available,Buyer
TS-020,V00261,Chrome,Tablet,Valid,Low,Not_Available,Buyer
TS-020,V00262,Firefox,Desktop,Valid,High,Not_Available,Buyer
TS-020,V00263,Firefox,Desktop,Valid,Medium,Not_Available,Buyer
TS-020,V00264,Firefox,Desktop,Valid,Low,Not_Available,Buyer
TS-020,V00265,Firefox,Mobile,Valid,High,Not_Available,Buyer
TS-020,V00266,Firefox,Mobile,Valid,Medium,Not_Available,Buyer
TS-020,V00267,Firefox,Mobile,Valid,Low,Not_Available,Buyer
TS-020,V00268,Firefox,Tablet,Valid,High,Not_Available,Buyer
TS-020,V00269,Firefox,Tablet,Valid,Medium,Not_Available,Buyer
TS-020,V00270,Firefox,Tablet,Valid,Low,Not_Available,Buyer
TS-020,V00271,Safari,Desktop,Valid,High,Not_Available,Buyer
TS-020,V00272,Safari,Desktop,Valid,Medium,Not_Available,Buyer
TS-020,V00273,Safari,Desktop,Valid,Low,Not_Available,Buyer
TS-020,V00274,Safari,Mobile,Valid,High,Not_Available,Buyer
TS-020,V00275,Safari,Mobile,Valid,Medium,Not_Available,Buyer
TS-020,V00276,Safari,Mobile,Valid,Low,Not_Available,Buyer
TS-020,V00277,Safari,Tablet,Valid,High,Not_Available,Buyer
TS-020,V00278,Safari,Tablet,Valid,Medium,Not_Available,Buyer
TS-020,V00279,Safari,Tablet,Valid,Low,Not_Available,Buyer
TS-020,V00280,Edge,Desktop,Valid,High,Not_Available,Buyer
TS-020,V00281,Edge,Desktop,Valid,Medium,Not_Available,Buyer
TS-020,V00282,Edge,Desktop,Valid,Low,Not_Available,Buyer
TS-020,V00283,Edge,Mobile,Valid,High,Not_Available,Buyer
TS-020,V00284,Edge,Mobile,Valid,Medium,Not_Available,Buyer
TS-020,V00285,Edge,Mobile,Valid,Low,Not_Available,Buyer
TS-020,V00286,Edge,Tablet,Valid,High,Not_Available,Buyer
TS-020,V00287,Edge,Tablet,Valid,Medium,Not_Available,Buyer
TS-020,V00288,Edge,Tablet,Valid,Low,Not_Available,Buyer
TS-020,V00289,Chrome,Desktop,Valid,High,Invalid_Format,Buyer
TS-020,V00290,Chrome,Desktop,Valid,Medium,Invalid_Format,Buyer
TS-020,V00291,Chrome,Desktop,Valid,Low,Invalid_Format,Buyer
TS-020,V00292,Chrome,Mobile,Valid,High,Invalid_Format,Buyer
TS-020,V00293,Chrome,Mobile,Valid,Medium,Invalid_Format,Buyer
TS-020,V00294,Chrome,Mobile,Valid,Low,Invalid_Format,Buyer
TS-020,V00295,Chrome,Tablet,Valid,High,Invalid_Format,Buyer
TS-020,V00296,Chrome,Tablet,Valid,Medium,Invalid_Format,Buyer
TS-020,V00297,Chrome,Tablet,Valid,Low,Invalid_Format,Buyer
TS-020,V00298,Firefox,Desktop,Valid,High,Invalid_Format,Buyer
TS-020,V00299,Firefox,Desktop,Valid,Medium,Invalid_Format,Buyer
TS-020,V00300,Firefox,Desktop,Valid,Low,Invalid_Format,Buyer
TS-020,V00301,Firefox,Mobile,Valid,High,Invalid_Format,Buyer
TS-020,V00302,Firefox,Mobile,Valid,Medium,Invalid_Format,Buyer
TS-020,V00303,Firefox,Mobile,Valid,Low,Invalid_Format,Buyer
TS-020,V00304,Firefox,Tablet,Valid,High,Invalid_Format,Buyer
TS-020,V00305,Firefox,Tablet,Valid,Medium,Invalid_Format,Buyer
TS-020,V00306,Firefox,Tablet,Valid,Low,Invalid_Format,Buyer
TS-020,V00307,Safari,Desktop,Valid,High,Invalid_Format,Buyer
TS-020,V00308,Safari,Desktop,Valid,Medium,Invalid_Format,Buyer
TS-020,V00309,Safari,Desktop,Valid,Low,Invalid_Format,Buyer
TS-020,V00310,Safari,Mobile,Valid,High,Invalid_Format,Buyer
TS-020,V00311,Safari,Mobile,Valid,Medium,Invalid_Format,Buyer
TS-020,V00312,Safari,Mobile,Valid,Low,Invalid_Format,Buyer
TS-020,V00313,Safari,Tablet,Valid,High,Invalid_Format,Buyer
TS-020,V00314,Safari,Tablet,Valid,Medium,Invalid_Format,Buyer
TS-020,V00315,Safari,Tablet,Valid,Low,Invalid_Format,Buyer
TS-020,V00316,Edge,Desktop,Valid,High,Invalid_Format,Buyer
TS-020,V00317,Edge,Desktop,Valid,Medium,Invalid_Format,Buyer
TS-020,V00318,Edge,Desktop,Valid,Low,Invalid_Format,Buyer
TS-020,V00319,Edge,Mobile,Valid,High,Invalid_Format,Buyer
TS-020,V00320,Edge,Mobile,Valid,Medium,Invalid_Format,Buyer
TS-020,V00321,Edge,Mobile,Valid,Low,Invalid_Format,Buyer
TS-020,V00322,Edge,Tablet,Valid,High,Invalid_Format,Buyer
TS-020,V00323,Edge,Tablet,Valid,Medium,Invalid_Format,Buyer
TS-020,V00324,Edge,Tablet,Valid,Low,Invalid_Format,Buyer
TS-020,V00325,Chrome,Desktop,Invalid,High,Available,Buyer
TS-020,V00326,Chrome,Desktop,Invalid,Medium,Available,Buyer
TS-020,V00327,Chrome,Desktop,Invalid,Low,Available,Buyer
TS-020,V00328,Chrome,Mobile,Invalid,High,Available,Buyer
TS-020,V00329,Chrome,Mobile,Invalid,Medium,Available,Buyer
TS-020,V00330,Chrome,Mobile,Invalid,Low,Available,Buyer
TS-020,V00331,Chrome,Tablet,Invalid,High,Available,Buyer
TS-020,V00332,Chrome,Tablet,Invalid,Medium,Available,Buyer
TS-020,V00333,Chrome,Tablet,Invalid,Low,Available,Buyer
TS-020,V00334,Firefox,Desktop,Invalid,High,Available,Buyer
TS-020,V00335,Firefox,Desktop,Invalid,Medium,Available,Buyer
TS-020,V00336,Firefox,Desktop,Invalid,Low,Available,Buyer
TS-020,V00337,Firefox,Mobile,Invalid,High,Available,Buyer
TS-020,V00338,Firefox,Mobile,Invalid,Medium,Available,Buyer
TS-020,V00339,Firefox,Mobile,Invalid,Low,Available,Buyer
TS-020,V00340,Firefox,Tablet,Invalid,High,Available,Buyer
TS-020,V00341,Firefox,Tablet,Invalid,Medium,Available,Buyer
TS-020,V00342,Firefox,Tablet,Invalid,Low,Available,Buyer
TS-020,V00343,Safari,Desktop,Invalid,High,Available,Buyer
TS-020,V00344,Safari,Desktop,Invalid,Medium,Available,Buyer
TS-020,V00345,Safari,Desktop,Invalid,Low,Available,Buyer
TS-020,V00346,Safari,Mobile,Invalid,High,Available,Buyer
TS-020,V00347,Safari,Mobile,Invalid,Medium,Available,Buyer
TS-020,V00348,Safari,Mobile,Invalid,Low,Available,Buyer
TS-020,V00349,Safari,Tablet,Invalid,High,Available,Buyer
TS-020,V00350,Safari,Tablet,Invalid,Medium,Available,Buyer
TS-020,V00351,Safari,Tablet,Invalid,Low,Available,Buyer
TS-020,V00352,Edge,Desktop,Invalid,High,Available,Buyer
TS-020,V00353,Edge,Desktop,Invalid,Medium,Available,Buyer
TS-020,V00354,Edge,Desktop,Invalid,Low,Available,Buyer
TS-020,V00355,Edge,Mobile,Invalid,High,Available,Buyer
TS-020,V00356,Edge,Mobile,Invalid,Medium,Available,Buyer
TS-020,V00357,Edge,Mobile,Invalid,Low,Available,Buyer
TS-020,V00358,Edge,Tablet,Invalid,High,Available,Buyer
TS-020,V00359,Edge,Tablet,Invalid,Medium,Available,Buyer
TS-020,V00360,Edge,Tablet,Invalid,Low,Available,Buyer
TS-020,V00361,Chrome,Desktop,Invalid,High,Not_Available,Buyer
TS-020,V00362,Chrome,Desktop,Invalid,Medium,Not_Available,Buyer
TS-020,V00363,Chrome,Desktop,Invalid,Low,Not_Available,Buyer
TS-020,V00364,Chrome,Mobile,Invalid,High,Not_Available,Buyer
TS-020,V00365,Chrome,Mobile,Invalid,Medium,Not_Available,Buyer
TS-020,V00366,Chrome,Mobile,Invalid,Low,Not_Available,Buyer
TS-020,V00367,Chrome,Tablet,Invalid,High,Not_Available,Buyer
TS-020,V00368,Chrome,Tablet,Invalid,Medium,Not_Available,Buyer
TS-020,V00369,Chrome,Tablet,Invalid,Low,Not_Available,Buyer
TS-020,V00370,Firefox,Desktop,Invalid,High,Not_Available,Buyer
TS-020,V00371,Firefox,Desktop,Invalid,Medium,Not_Available,Buyer
TS-020,V00372,Firefox,Desktop,Invalid,Low,Not_Available,Buyer
TS-020,V00373,Firefox,Mobile,Invalid,High,Not_Available,Buyer
TS-020,V00374,Firefox,Mobile,Invalid,Medium,Not_Available,Buyer
TS-020,V00375,Firefox,Mobile,Invalid,Low,Not_Available,Buyer
TS-020,V00376,Firefox,Tablet,Invalid,High,Not_Available,Buyer
TS-020,V00377,Firefox,Tablet,Invalid,Medium,Not_Available,Buyer
TS-020,V00378,Firefox,Tablet,Invalid,Low,Not_Available,Buyer
TS-020,V00379,Safari,Desktop,Invalid,High,Not_Available,Buyer
TS-020,V00380,Safari,Desktop,Invalid,Medium,Not_Available,Buyer
TS-020,V00381,Safari,Desktop,Invalid,Low,Not_Available,Buyer
TS-020,V00382,Safari,Mobile,Invalid,High,Not_Available,Buyer
TS-020,V00383,Safari,Mobile,Invalid,Medium,Not_Available,Buyer
TS-020,V00384,Safari,Mobile,Invalid,Low,Not_Available,Buyer
TS-020,V00385,Safari,Tablet,Invalid,High,Not_Available,Buyer
TS-020,V00386,Safari,Tablet,Invalid,Medium,Not_Available,Buyer
TS-020,V00387,Safari,Tablet,Invalid,Low,Not_Available,Buyer
TS-020,V00388,Edge,Desktop,Invalid,High,Not_Available,Buyer
TS-020,V00389,Edge,Desktop,Invalid,Medium,Not_Available,Buyer
TS-020,V00390,Edge,Desktop,Invalid,Low,Not_Available,Buyer
TS-020,V00391,Edge,Mobile,Invalid,High,Not_Available,Buyer
TS-020,V00392,Edge,Mobile,Invalid,Medium,Not_Available,Buyer
TS-020,V00393,Edge,Mobile,Invalid,Low,Not_Available,Buyer
TS-020,V00394,Edge,Tablet,Invalid,High,Not_Available,Buyer
TS-020,V00395,Edge,Tablet,Invalid,Medium,Not_Available,Buyer
TS-020,V00396,Edge,Tablet,Invalid,Low,Not_Available,Buyer
TS-020,V00397,Chrome,Desktop,Invalid,High,Invalid_Format,Buyer
TS-020,V00398,Chrome,Desktop,Invalid,Medium,Invalid_Format,Buyer
TS-020,V00399,Chrome,Desktop,Invalid,Low,Invalid_Format,Buyer
TS-020,V00400,Chrome,Mobile,Invalid,High,Invalid_Format,Buyer
TS-020,V00401,Chrome,Mobile,Invalid,Medium,Invalid_Format,Buyer
TS-020,V00402,Chrome,Mobile,Invalid,Low,Invalid_Format,Buyer
TS-020,V00403,Chrome,Tablet,Invalid,High,Invalid_Format,Buyer
TS-020,V00404,Chrome,Tablet,Invalid,Medium,Invalid_Format,Buyer
TS-020,V00405,Chrome,Tablet,Invalid,Low,Invalid_Format,Buyer
TS-020,V00406,Firefox,Desktop,Invalid,High,Invalid_Format,Buyer
TS-020,V00407,Firefox,Desktop,Invalid,Medium,Invalid_Format,Buyer
TS-020,V00408,Firefox,Desktop,Invalid,Low,Invalid_Format,Buyer
TS-020,V00409,Firefox,Mobile,Invalid,High,Invalid_Format,Buyer
TS-020,V00410,Firefox,Mobile,Invalid,Medium,Invalid_Format,Buyer
TS-020,V00411,Firefox,Mobile,Invalid,Low,Invalid_Format,Buyer
TS-020,V00412,Firefox,Tablet,Invalid,High,Invalid_Format,Buyer
TS-020,V00413,Firefox,Tablet,Invalid,Medium,Invalid_Format,Buyer
TS-020,V00414,Firefox,Tablet,Invalid,Low,Invalid_Format,Buyer
TS-020,V00415,Safari,Desktop,Invalid,High,Invalid_Format,Buyer
TS-020,V00416,Safari,Desktop,Invalid,Medium,Invalid_Format,Buyer
TS-020,V00417,Safari,Desktop,Invalid,Low,Invalid_Format,Buyer
TS-020,V00418,Safari,Mobile,Invalid,High,Invalid_Format,Buyer
TS-020,V00419,Safari,Mobile,Invalid,Medium,Invalid_Format,Buyer
TS-020,V00420,Safari,Mobile,Invalid,Low,Invalid_Format,Buyer
TS-020,V00421,Safari,Tablet,Invalid,High,Invalid_Format,Buyer
TS-020,V00422,Safari,Tablet,Invalid,Medium,Invalid_Format,Buyer
TS-020,V00423,Safari,Tablet,Invalid,Low,Invalid_Format,Buyer
TS-020,V00424,Edge,Desktop,Invalid,High,Invalid_Format,Buyer
TS-020,V00425,Edge,Desktop,Invalid,Medium,Invalid_Format,Buyer
TS-020,V00426,Edge,Desktop,Invalid,Low,Invalid_Format,Buyer
TS-020,V00427,Edge,Mobile,Invalid,High,Invalid_Format,Buyer
TS-020,V00428,Edge,Mobile,Invalid,Medium,Invalid_Format,Buyer
TS-020,V00429,Edge,Mobile,Invalid,Low,Invalid_Format,Buyer
TS-020,V00430,Edge,Tablet,Invalid,High,Invalid_Format,Buyer
TS-020,V00431,Edge,Tablet,Invalid,Medium,Invalid_Format,Buyer
TS-020,V00432,Edge,Tablet,Invalid,Low,Invalid_Format,Buyer
